소비구분,시도구분,2018년 01월,2018년 02월,2018년 03월,2018년 04월,2018년 05월,2018년 06월,2018년 07월,2018년 08월,2018년 09월,2018년 10월,2018년 11월,2018년 12월,2019년 01월,2019년 02월,2019년 03월,2019년 04월,2019년 05월,2019년 06월,2019년 07월,2019년 08월,2019년 09월,2019년 10월,2019년 11월,2019년 12월,2020년 01월,2020년 02월,2020년 03월,2020년 04월,2020년 05월,2020년 06월,2020년 07월,2020년 08월,2020년 09월,2020년 10월,2020년 11월,2020년 12월,2021년 01월,2021년 02월,2021년 03월,2021년 04월,2021년 05월,2021년 06월,2021년 07월,2021년 08월,2021년 09월,2021년 10월,2021년 11월,2021년 12월,2022년 01월,2022년 02월,2022년 03월,2022년 04월,2022년 05월,2022년 06월,2022년 07월,2022년 08월,2022년 09월,2022년 10월,2022년 11월,2022년 12월
호텔,강원도,3749902,1835721,1789062,1874121,2107797,1975469,3440584,5058850,2403043,2191968,1688348,4034537,4202995,3595300,1882088,1439903,2045605,2504647,3698632,5796390,2433851,3072091,2035391,4003361,5005872,3159286,1156249,1111879,1859139,1946724,2905672,4586952,1708677,2714283,1855800,1372065,1524744,2323553,1424951,1669348,2582887,2652433,4120855,4726656,2700480,3233706,2098018,3323047,4682864,3793231,1531170,1866124,2833256,2985764,4687094,5637572,2788847,3311414,1934681,4059969
호텔,경기도,1297356,1172383,1303599,1406160,1443342,1448388,1649514,1961021,1536957,1557251,1455826,2140566,1524422,1387029,1508751,1315354,1427163,1519458,1385596,1872539,1297862,1498920,1655451,1983022,1333836,835686,594602,700940,1038181,1029605,1200843,1343726,822783,1259157,1147735,771593,604678,712069,983368,1059865,1213850,1214152,1135890,1155748,1029402,1282009,1310064,1335355,1017347,1033836,1151503,1268203,1793806,1524606,1725280,1629152,1522929,1949531,1628508,1834593
호텔,경상남도,729651,511970,691009,774426,970038,761580,820465,1006076,707752,850722,721690,906913,672291,607857,494087,617757,628382,535353,625140,864708,441195,594141,500885,591192,480009,369245,236112,289293,511189,558902,681908,862943,398495,578001,532469,365201,302516,376070,340640,352348,435647,446645,666374,691899,423832,554631,506808,534274,386568,372556,347071,474740,597901,636172,728664,776359,525242,640721,505049,591023
호텔,경상북도,1101103,925107,982856,1266186,1164789,985500,1223903,1857274,1222030,1199655,1116572,1402002,1262026,1210428,1284473,1331359,1387305,1211691,1189995,1716613,999726,1190227,1218889,1250639,1168458,506661,104885,182611,665641,747005,1048578,1964821,703448,1168900,1059603,681063,539404,831977,845266,1044744,1315264,1051589,1578225,2004954,1238417,1605675,1303371,1261128,1248896,1059925,867197,1503091,1702036,1587939,2143531,2490608,1429405,1860565,1570412,1492713
호텔,광주광역시,153337,186719,172627,184957,199849,186956,176821,221407,208747,221583,222005,304311,157408,141198,154488,194730,176360,129332,151031,176680,175010,207627,207161,224821,172483,89734,66835,111024,154383,143734,64562,124166,65406,163873,129359,92845,64638,79563,75263,100725,136207,101562,111524,109161,117495,135553,154689,126736,116959,102303,75517,84979,92110,147845,144630,159095,121571,163999,126412,117649
호텔,대구광역시,991811,887062,894904,923907,1082971,901647,693273,816381,1014387,1181885,1280497,1748655,1202279,1194207,1179207,1288780,1206364,1305081,803478,1077319,1199090,1539425,1760265,2041443,1283284,979385,213967,276907,711513,585052,711936,906237,608247,979235,806579,596316,384245,428754,508891,617933,852088,586158,610403,758649,883616,1445988,1368731,1210214,905443,835338,1007305,1441465,1550842,1453115,1228428,1332838,1296237,1814161,1565502,1986791
호텔,대전광역시,528373,430268,680933,431642,421492,404258,427967,391465,408982,439418,491893,699334,460668,433546,536273,417512,488793,435440,405774,430421,353383,486142,501423,753362,441554,392086,159437,297306,277278,232164,239056,289454,193165,259795,303317,237185,180281,220801,269375,267589,261387,259930,250952,348151,386040,489031,492069,545175,420731,403891,418767,430308,536285,474844,735098,774159,514953,651583,524302,731544
호텔,부산광역시,4950708,4382930,3545125,3828229,4180619,4364141,5146094,5960155,4075094,3784704,3784583,5961734,5022937,5064129,3890619,3969098,4317028,4822977,4824960,5882974,4022243,4058367,4211176,5695144,4856176,3181266,1113655,1612319,3068647,3666727,4435145,5327551,2474894,3511995,3858083,2532394,2541151,3983921,3657283,3884858,4541460,4550456,5315657,4543145,4191837,4884692,4618977,4740721,5167733,4792034,3557442,5008557,5785770,6160445,7258414,7332486,5068968,5904082,4881704,6173054
호텔,서울특별시,21741691,18911120,20212195,19228748,21521910,19646872,20333607,22697855,21472422,22137158,21512994,32460907,24870004,21434664,21980509,20853689,23401915,21300640,20719914,24813778,21025021,22814230,22580004,32582309,25128813,15969766,9426840,10805502,15814427,17247166,18410437,19728577,11875624,17500221,18040744,14862937,13366512,16505952,16815153,17008532,21752814,19239548,15962424,16619634,14978887,19001229,19901852,21791334,23513596,21471011,20121876,23867664,27379331,26307613,28439796,28272134,22448437,26005864,23186592,28855693
호텔,울산광역시,516841,426129,476876,530096,514069,415879,410723,429128,276692,298134,326223,559838,436572,356787,366540,482795,420427,330838,412563,470013,374519,486610,404088,588876,390604,332979,211544,242945,334587,333893,360189,363856,259197,346829,355496,275378,237484,285851,298949,345387,325721,303418,412525,386300,343708,380143,401137,366030,349514,282508,307198,372923,417871,403574,512275,497528,399405,469144,545645,517765
호텔,인천광역시,1438860,1358854,1417875,1340743,1587231,1618372,1853240,2567354,1720342,1681060,1772140,2934818,1833250,1970585,1942246,1623726,1994301,2116813,2431521,3231026,2138189,2016791,2257072,3264343,2326486,1203874,710499,689938,1530367,1567999,2150986,2577543,916390,1612392,1581985,1355459,1178276,1622083,1527614,1599076,2207298,1834429,2120566,2651096,2008335,2052032,1880026,2181629,2294453,2191455,1762654,2186631,2805898,2665015,3605473,4167960,2758580,2871991,2503063,3458968
호텔,전라남도,368955,322211,337966,353947,383489,374163,382521,551850,382386,391058,373899,456431,305590,344865,345064,349846,369280,344658,371796,536537,310754,357666,347483,455560,351971,251442,137316,168192,270684,296631,364445,567840,207691,370600,343176,232337,194096,295771,287802,289979,378644,335056,460613,552635,342382,446437,379123,407262,364405,333816,260293,411304,441434,430760,563754,803186,445593,575149,446522,455900
호텔,전라북도,88385,88419,87669,100254,156542,85645,93754,140169,122298,138248,100844,68148,65585,76939,64945,98785,103529,53405,56160,100075,49689,90192,69374,48474,44099,15046,13327,17988,57274,48394,59391,145097,60341,100642,88024,43452,37235,75267,60815,59290,93259,72976,112550,134905,76334,89923,99576,60190,68115,76837,51554,73835,113698,102489,127349,159095,87177,113300,83355,106646
호텔,제주특별자치도,3123738,2458173,2681497,2909227,3465042,3199397,3799326,4731133,3110547,3142017,2654609,3737915,3303671,3100015,3115780,3272457,3629751,3325992,3660411,4667777,3117134,3456255,3160522,3761577,3321429,1536155,1527264,1729158,3202004,3240846,3675531,5096135,2695862,4084443,4120242,2895104,2283128,3533213,4552462,5211679,6275533,5708936,6085241,5680921,4585960,6129292,5805386,5255248,6413264,6445999,6251958,7670123,9199082,8377892,9695466,10511909,6867034,7788598,6046035,6189308
호텔,충청남도,640846,570109,479585,444889,476853,525881,642649,812446,419333,323767,427641,673205,565883,575858,521094,345512,572482,544296,589762,959734,388775,373870,391240,589736,576416,201909,78055,119734,256566,201423,276915,427892,103206,219552,218101,121006,174605,213323,203572,202819,291578,233095,339523,474310,243595,296147,249510,227274,333982,265172,207564,207638,386632,462620,638743,765917,379144,417439,362142,498253
호텔,충청북도,244153,240554,231708,249136,276614,253654,211827,283616,205991,291214,304256,249283,189840,190428,213954,227576,235495,205318,187391,252660,241063,268778,286223,286935,222471,104323,61684,76752,158670,131535,135159,195197,82810,227935,180252,74688,58244,72332,66707,80172,113930,110289,152442,134994,129837,212506,219823,128316,158117,120739,115140,203027,210092,214014,217019,268129,200483,310683,260275,206063
콘도,강원도,12770383,8576465,4018805,4436981,6254988,6881770,12039566,15918120,6817429,6012598,4612147,8152562,9083866,8014047,4529984,3718580,5057275,6049633,8611741,12648348,5303742,5898416,4500338,7806795,9896940,5436902,2358695,2642176,4620961,4837597,7217367,10998318,4005356,5576112,4138977,3749878,3434078,4589116,3319191,4435064,5905026,6203038,8616818,10537489,5942499,7573438,5578003,8268345,11172997,9272770,3389926,5330935,8050996,9032096,14318642,17282306,6996881,7873329,5057665,9471198
콘도,경기도,779121,697559,417284,447078,606357,552112,723296,1016055,577769,552345,518778,786534,781840,690803,457986,406792,469545,543411,774729,1157006,556164,716385,607130,839437,939108,419035,287374,305593,519486,484285,634130,892172,346067,626858,451851,305384,252285,351717,295562,341317,474661,444735,461447,610448,380692,541837,461675,463226,593820,368981,262739,413316,510299,495720,655106,651515,449248,535156,382062,393818
콘도,경상남도,862109,680093,648857,759121,854258,930632,1432886,1834513,853883,1110776,995174,1256214,1239489,1259433,967060,1047196,1192747,1288717,1762239,2491639,973454,1121781,973319,1119572,1185432,674192,223432,336596,860527,855015,1398914,2054864,611493,1006618,865351,511982,391889,586066,522336,702028,1098857,999841,1437417,1740665,914775,1071928,971993,755335,953860,868574,562885,964831,1486758,1670960,2245661,2888910,1164058,1405649,981324,1074222
콘도,경상북도,1060583,840156,747094,1004506,998296,917826,1319868,2076816,1042487,1123930,986728,1080945,1079195,1031095,928113,1016583,998122,1101067,1325930,2252463,905465,1116863,1093394,1128290,1164334,471849,61585,118069,504519,496955,774764,1768167,611493,887683,868672,423586,322587,528834,514648,790229,922377,765388,1197806,1433843,817417,1155801,1019912,757591,836726,785749,663430,1009173,1276657,1427249,1878853,2405068,1117004,1657611,1193448,1126306
콘도,광주광역시,0,0,0,0,0,0,0,0,0,0,0,0,0,0,0,0,0,0,0,0,0,0,0,0,0,0,0,0,0,0,0,0,0,0,0,0,0,0,0,0,0,0,0,0,0,0,0,0,0,0,0,0,,0,0,0,0,0,0,
콘도,대구광역시,5524,2589,168,7855,536,1945,209,915,874,3088,3085,1745,787,1492,355,1496,1979,1709,724,1926,261,1170,2400,422,373,556,0,0,0,15,0,200,80,150,230,110,0,0,0,1880,120,0,90,2,40,310,90,200,0,223,0,612,480,290,70,1299,200,998,1510,910
콘도,대전광역시,0,885,1341,1242,655,612,1268,254,1249,1079,852,1032,945,593,1064,1505,1522,1560,1399,1313,542,934,1578,1057,267,0,0,0,0,0,0,0,0,0,0,0,0,0,0,0,0,0,0,0,0,0,0,0,0,0,0,0,,0,0,977,406,204,419,214
콘도,부산광역시,695715,605324,485646,569766,682989,684104,832566,975300,719155,632603,642145,809317,725175,734736,633131,584250,696780,701355,776151,918947,564383,619312,637480,778227,705901,458271,202796,249958,520848,563021,682494,834205,367643,547518,550461,385347,319620,395205,354193,378539,472844,460803,527413,444512,430695,528797,545959,567560,575509,518728,445168,524305,609617,594745,705644,764524,550696,632328,534400,599900
콘도,서울특별시,393604,152556,162797,170168,166406,206718,260099,1292243,151745,,140293,478667,238693,89443,94834,112109,83664,125140,135273,100631,110596,76526,108875,136210,100311,62992,47627,58560,103352,94428,134990,118818,98306,90072,66351,57547,84032,79236,93858,65778,138803,107728,92919,77234,96211,116763,82730,122477,98788,79804,79928,123361,154386,126769,145402,158346,66488,111736,92219,100094
콘도,울산광역시,0,0,0,0,0,0,0,0,0,0,0,0,0,0,0,0,0,0,73,120,0,252,50,713,116,0,0,588,270,0,1880,1240,0,1282,368,158,0,0,786,0,416,0,2045,761,733,2642,760,331,0,545,137,698,871,962,1956,3796,1213,6368,3126,621
콘도,인천광역시,0,0,0,0,0,0,0,0,0,0,0,0,0,0,0,0,0,0,0,0,0,0,14116,10962,12977,11298,12558,11400,15696,10750,14476,29099,29001,39708,23157,17708,21562,36031,34767,37322,41978,37673,52695,76672,51318,47422,40826,40877,37770,37800,38051,35952,49063,56808,73459,78795,48826,45974,40458,54100
콘도,전라남도,402558,435864,439449,489280,522839,546031,904025,1292243,428090,427798,418704,1718360,407277,414586,354482,369280,459573,592396,788337,1884712,758782,808016,733820,805222,849501,566887,357816,453360,896459,825947,884994,1500958,415380,717884,712066,397459,365641,475545,436187,565829,780375,790438,1025469,1366493,766319,937078,809303,578052,648420,728388,494047,869016,1093351,1408568,2112614,2607012,925006,1071575,803993,722343
콘도,전라북도,3304134,2245363,477877,450807,602407,630053,1053566,1431359,693244,654190,546414,1802383,2626530,1710918,481627,412895,553132,641196,940732,1461281,512167,614945,524079,1680993,2688324,1183426,176436,169113,410874,384250,597040,1130490,242135,558641,444999,514977,844810,731608,244749,286245,432687,377104,744351,990142,431359,588007,492754,1101026,2356952,1533569,274028,382492,592939,720236,1067596,1429357,509001,780042,503910,1499231
콘도,제주특별자치도,1790402,1475836,1654260,2170904,2333632,2252768,2511652,3605332,2112994,2152408,1692899,1718360,1780770,1782373,1958082,1989781,2216868,2555399,3534581,4670203,2280227,2479256,2096915,2218718,2152328,808093,490746,665688,1588838,2413310,3879251,6159802,2570191,3749181,3655810,1851399,1192048,2380686,2572733,4008011,4582853,4604553,5611488,5595614,3676793,4836781,4379947,3903296,4035954,3853396,2636408,4362384,5398379,6055713,7880887,8987074,4254205,4744433,3781831,3640751
콘도,충청남도,752771,713314,488776,710844,806353,955343,1557480,2113469,813466,594161,645804,799236,795978,846571,583162,583498,658094,901191,1469634,2334476,741689,585174,593226,583683,585149,290320,185664,256561,557840,570093,981885,1479150,548820,807507,606548,372596,254857,427718,476510,650233,929416,881923,1341824,1735080,970309,1037490,943014,793587,859442,848142,592375,1006933,1499856,1577163,2607136,3282178,1575378,1636220,1353920,1071235
콘도,충청북도,500702,501383,346507,460592,607370,556881,775456,1262523,581956,575705,467974,615927,540627,587990,447610,470896,626240,626464,784640,1279052,526932,677480,542236,617839,616057,259633,95967,145060,427667,349135,540062,927570,259088,536299,410393,158495,161908,260429,250604,295122,461308,438102,805064,1034040,636963,847465,715820,494408,505389,502495,366993,552452,807054,768983,1011822,1443202,720701,972104,715152,517793
캠핑장/펜션,강원도,60263,64268,52651,55201,83960,80998,121609,185295,71401,73165,51735,70886,62609,60776,46828,42781,78054,80380,121046,185427,65861,71154,81555,83150,95516,68814,62230,80507,133505,140463,230544,307092,125795,179320,104639,77241,67099,95070,73280,110699,133491,135383,245305,297386,141200,173436,117885,97665,111053,82956,61440,106284,152764,163167,259369,326724,124295,158376,91448,80679
캠핑장/펜션,경기도,35343,31058,51378,53887,62152,69462,76936,106790,47353,50693,43859,39769,24914,25808,34834,53822,57971,64994,73211,119408,52775,61200,100587,79815,67353,75275,82980,121797,175592,189057,230988,237520,135100,171872,117217,93190,76222,95929,78958,112454,168574,181270,220342,290199,177523,201914,180244,150274,153638,150437,122012,198103,275164,285852,382877,442074,252596,299284,197507,175460
캠핑장/펜션,경상남도,26954,24103,34402,36888,38282,34202,52401,80718,34015,33230,29421,36415,31668,29914,30662,30562,52706,43407,56776,76569,30760,31385,67037,48299,59387,39945,43367,54791,84042,72840,106330,187263,67841,103232,70218,48255,47723,67234,49149,58738,93954,87311,130852,178362,90771,114354,85727,73104,80761,71386,42823,89709,111097,116219,158661,217199,90644,133463,75803,60180
캠핑장/펜션,경상북도,28878,20235,22149,29296,32216,29635,32963,59746,31332,27917,27096,21755,23581,30193,38378,37774,36298,49484,47439,73597,29393,35816,63347,65130,51634,34164,26018,33118,78813,77224,94559,183263,51424,90975,59017,52814,49510,66626,48585,68844,103808,98534,132702,176677,110318,123764,110013,82273,106522,87502,60766,103697,125373,137210,188862,234045,118002,156950,115724,85674
캠핑장/펜션,광주광역시,0,0,0,0,0,0,0,0,0,0,0,0,0,0,0,0,0,0,0,0,0,0,0,0,0,0,0,0,0,0,0,0,273,24,45,195,0,909,5608,38,65,77,0,405,0,140,155,0,0,0,0,0,35,0,0,0,0,0,27,170
캠핑장/펜션,대구광역시,3168,2280,3447,5660,3896,2277,3131,2594,3408,2861,3934,2940,2542,4204,3961,3935,4476,3324,1520,2578,2372,2110,2343,3304,1716,608,628,640,1436,3624,999,3704,2520,1884,1324,367,344,266,345,1747,1074,1410,848,2538,535,657,921,1076,160,514,1210,1072,889,1767,590,914,180,1322,1221,1078
캠핑장/펜션,대전광역시,130,100,0,0,550,0,200,0,0,0,550,380,0,0,0,220,0,772,99,176,0,0,1104,212,392,79,298,863,827,1030,175,1059,300,480,1166,218,18,9792,10757,482,385,596,325,392,534,380,577,343,501,274,234,276,935,312,393,178,179,391,532,998
캠핑장/펜션,부산광역시,1509,1395,1695,1084,1720,2994,3422,3858,2689,3428,3029,3181,1799,2677,3290,2901,2955,3260,4000,3909,12617,13407,19023,16607,16690,12249,10769,13510,25400,18802,22098,22119,12753,18371,12046,5055,4372,12202,3099,10739,17748,15250,13223,13907,12748,11835,8520,6171,7787,7249,6816,14928,12679,11291,22307,27048,13747,20829,8068,5192
캠핑장/펜션,서울특별시,1125,1402,1395,1572,1674,2983,1422,850,1775,1320,2938,1215,745,835,615,1095,1100,975,1000,660,820,1725,1726,1862,2429,6724,8798,7160,8504,7735,10637,8749,14775,11131,10962,9898,11641,335,138,1202,2071,1374,2479,3193,2137,593,380,1177,339,210,340,620,11390,11405,11830,13170,10815,13255,11150,15360
캠핑장/펜션,울산광역시,3354,1612,1775,1774,1949,1754,4234,5504,1294,2038,2459,1702,1281,4560,5726,6223,6727,2717,10416,9855,4608,6074,5910,3983,4832,3470,11773,7806,9423,4343,5323,8322,1501,3885,1909,3266,2043,1772,2647,0,3442,3563,8449,11781,6066,10264,5156,4115,4973,4343,3544,5095,9308,5212,5092,15838,4927,7190,8018,10710
캠핑장/펜션,인천광역시,14393,15661,22126,28940,25664,23316,27050,30878,23734,29864,21653,12829,14424,11603,15902,15330,16537,27175,27092,33856,18822,23568,34574,22537,16577,13414,24336,33965,55691,45180,55426,68234,33459,50216,33487,23320,20557,22821,27100,2552,61424,54879,40708,42792,39043,55007,50248,26613,27197,29408,31680,54300,66839,67390,62446,71558,68391,79657,43443,33197
캠핑장/펜션,전라남도,21711,19277,20978,25217,29568,28950,35111,43680,22674,27518,19759,22953,19036,25800,25906,31638,34482,25140,38084,54376,21031,27664,38249,41428,41239,32745,34419,36407,59245,47946,56616,116369,36150,61822,42506,29185,27210,43585,31604,33149,48921,57232,75833,103830,53405,59993,52393,38516,41790,49511,34923,60051,69355,70346,124381,151579,58957,73242,65383,50782
캠핑장/펜션,전라북도,26150,10506,8148,8929,18301,14974,22969,28502,12711,18576,15997,13112,13454,11959,9288,10916,17353,17968,20884,35577,13107,19280,23345,11395,19582,10546,10579,8141,21195,21514,27432,56452,13610,24572,19521,11934,17156,16629,13690,40513,20474,19141,32845,48339,17326,29168,22965,11012,17783,17742,8224,21867,23419,30854,44354,58576,19550,30652,18387,16947
캠핑장/펜션,제주특별자치도,21418,18750,22222,36057,56375,63155,64215,40376,26377,20856,19024,18937,22887,21207,13188,24501,28327,22622,32761,37197,22395,25473,34905,37788,32874,26562,28987,31675,40325,48175,54239,79322,37753,45300,41343,30479,23882,32805,34819,17731,47254,41036,64469,54575,31188,52920,51755,39597,43980,43097,30667,47409,61331,55511,56390,51086,34592,43581,25920,27594
캠핑장/펜션,충청남도,19324,16428,30863,33164,45614,40071,60545,76387,40387,37166,29173,32011,24418,22518,35909,35936,47321,50338,58981,87167,32549,44844,60666,53742,49266,29929,53324,88763,134304,110619,117399,160021,102905,124192,68225,50630,41391,63158,56959,59012,115070,85157,129780,164859,110885,130162,102300,85940,61541,57993,51250,110761,130879,134279,174417,182572,121349,149642,78846,59123
캠핑장/펜션,충청북도,4237,5674,8188,9417,14044,10927,22563,28861,7409,9104,6102,4424,5055,4368,10654,8542,12066,16949,19440,27913,8172,18044,14485,4383,2553,2785,5698,9495,19656,22162,25881,38235,15162,20877,9036,5254,2775,5327,6144,82670,16669,24413,26001,34021,17616,23972,15746,6953,4385,6466,3765,17892,20847,32942,35074,48193,25244,24784,13468,8073
기타숙박,강원도,4067593,3413822,3924758,4265118,4892180,4863449,6041857,8329756,4921908,4957831,4228332,5342597,5069995,4932716,4570868,4060263,4983371,5170171,6223156,8910732,4480738,5466085,4502713,5260987,4855888,3549389,2787196,3372027,4403924,4720725,5931282,8071941,3832470,5283942,4051591,3121930,2720322,3663406,3280305,11721,4796811,4966320,5988376,6378618,4469609,5558433,4642560,4297231,4771311,4017198,3241741,4402931,5343715,5725063,7235508,8464048,4974047,6141090,4468130,4431426
기타숙박,경기도,14086931,12933889,14811897,14296906,14737793,14916479,15559312,16308195,14618582,14619954,14028676,15058837,13218461,12146414,14198051,13279721,14187819,14465481,14392999,15815411,13324758,14066898,13393973,13548836,11780027,10646669,9765930,9936604,11294787,10832520,11667499,12142664,9655542,11403838,11037880,9356848,9799123,9337549,10684273,10696755,11212973,10467004,10846644,10535099,9996865,11334249,11530457,11321624,10792007,10000385,11626288,12048281,12604588,12502017,13730979,13746530,12185459,13900790,12249022,12201554
기타숙박,경상남도,4291262,3870726,4364669,4352676,4440285,4120853,4619686,5072838,4051057,4290637,4141052,4505377,4050605,3782791,4406311,4205527,4176380,4072223,4169827,5064770,3598657,4094512,3811501,4021253,3665587,3048914,2621781,2902506,3590404,3299050,3534321,4311873,2882643,3498372,3285056,2735973,2758143,2729030,2987256,3127784,3223960,3119780,3307833,3357206,2920705,3506881,3482517,3451769,3387974,3076098,3206742,3578175,3620870,3638656,3955866,4337507,3236598,4173914,3457723,3540084
기타숙박,경상북도,2825485,2512878,3120956,3182475,3266083,3053049,3545417,3957168,3110548,3293194,3204991,3170793,2717189,2531901,3142757,3069342,3128487,3085021,3258542,4050111,2856251,3400446,3112574,3016941,2563433,1995992,1334731,1778391,2452807,2461589,2775947,3476828,2882643,2943092,2833726,2244836,1910030,2054326,2392081,2614284,2772532,2789518,3084778,3125019,2704236,3559657,3185353,2693481,2499383,2239595,2477294,2993559,3280764,3171041,3465768,3857961,3014380,3764725,3327262,2930710
기타숙박,광주광역시,1674567,1523571,1707949,1681144,1785022,1719417,1844528,1897644,1717589,1716781,1748502,1855954,1598786,1477418,1709877,1642576,1733785,1736498,1789184,1783322,1588338,1676922,1709684,1716698,1469878,1221433,1142750,1233445,1464527,1419992,1175086,1413664,1072963,1440865,1387267,1220403,1231254,1125239,1341862,1417340,1424913,1406071,1489935,1375767,1345539,1467524,1506855,1419498,1306013,1184905,1322722,1413632,1454504,1491775,1558486,1592247,1332978,1525114,1403003,1408627
기타숙박,대구광역시,2422500,2191416,2475560,2443728,2475528,2390145,2337782,2366980,2425523,2403213,2471058,2678086,2366186,2075249,2350880,2330311,2298106,2427898,2152509,2237995,2232226,2384812,2471287,2557710,2010858,1566588,1159823,1330145,1569765,1731550,1848954,1915122,1799884,1979530,2003078,1844424,1567884,1555557,1799208,1900501,2030884,1666771,1786173,1721731,1766005,2119257,2136545,1847102,1722429,1700986,1945872,2125070,2082455,2178104,2153271,2086913,1950999,2419940,2378706,2399241
기타숙박,대전광역시,1544589,1365988,1577983,1551275,1494438,1444575,1479223,1555346,1382682,1430874,1468560,1534490,1339877,1189636,1421669,1351261,1395048,1382487,1384059,1420217,1301692,1367513,1421981,1422256,1242445,1132385,871041,972315,1365729,1221812,1120543,1199903,1030343,1245978,1351144,1110552,1055008,944029,1109458,1053035,1311805,1106595,1087146,903791,990905,1370042,1305453,1155964,1010595,910114,1071849,1239260,1284951,1309461,1223360,1266639,1170199,1514221,1371149,1312646
기타숙박,부산광역시,5121339,4743213,5021785,4812268,5206450,5073876,5683538,6304783,4849419,4886688,4792945,5610630,4789992,4761830,4937768,4642396,4875305,5037196,5327917,6309128,4263903,4805082,4691471,5104146,4436813,3350413,2400610,2735021,3497946,3734051,4550762,5696382,3091853,3897067,3934083,3140587,2969568,3343444,3576734,3421720,3670727,3829946,4196108,3810846,3410834,4023611,3889743,4071596,4055115,3654321,3657892,4229364,4788785,4812055,6004639,6339864,4098662,4819201,4076945,4530226
기타숙박,서울특별시,13378105,11856142,13449524,12778146,13080861,13313861,14054526,14629251,13332554,13485826,13101280,15238457,12752803,11225139,13133694,11992498,12708227,12761235,12857862,13315637,12058676,13118248,12701648,13548071,11190057,9268582,7394973,7471483,8715984,8138533,8970293,9487484,6992723,8631945,8502607,7049160,7400178,7274929,8507149,8554509,9216529,9137966,9135134,8819962,8441658,10259161,11328241,11100674,10149428,9638832,10559623,11379287,11212401,11404525,12985231,12992230,10886948,12553349,11536529,12777835
기타숙박,울산광역시,1438608,1263912,1450185,1351262,1362676,1298998,1413426,1438163,1225605,1242149,1312950,1375928,1223597,1082501,1263978,1143740,1221707,1227274,1274065,1394089,1124568,1259194,1223569,1261555,1133074,946304,770255,832686,999985,1011125,1079497,1300332,865399,1062549,1048143,858119,873715,852255,961869,933570,873608,887431,1058455,1108355,914865,1062961,1005830,994285,982088,901692,1012003,1018959,1033390,1151941,1221637,1388314,1127346,1619565,1023007,1059138
기타숙박,인천광역시,3606975,3375084,3789888,3662376,3999588,3999198,4232581,4702166,4059511,3802832,3559566,3965840,3373368,3146397,3576265,3333524,3509342,3498149,3445272,3815965,3306607,3406470,3244609,3328655,2993426,2636219,2256291,2336248,2709703,2385544,2671966,2993670,2303159,2772953,2488944,2194665,2208408,2167248,2365829,2407673,2614846,2345045,2449386,2427006,2393986,2744300,2518867,2515831,2384400,2272273,2542567,2748388,2814401,2854776,3184293,3263996,2917564,3341151,2869045,2809083
기타숙박,전라남도,2624568,2503209,2978454,3090043,3131980,2890315,3606688,4410183,3075299,3341273,3179323,3206208,2948846,2921115,3294110,3171116,3457605,3325607,3771822,5497997,3263434,3944899,3698924,3551638,3277849,2660202,2305571,2602249,3718029,3423829,3712313,5600720,2630611,3840796,3490308,2731864,2542120,2854304,3095256,3371134,3764523,3631272,4528158,5234462,3601041,4449750,4036382,3629872,3640900,3197191,3100669,4096631,4606703,4575260,5537031,6560167,3988917,5115784,4130833,3807465
기타숙박,전라북도,2097473,1875024,2184359,2229754,2278308,2054296,2338642,2754498,2204370,2886111,2486105,2316376,2114900,1976404,2279238,2254474,2481901,2262339,2259326,2837134,2055319,2477627,2432116,2154957,1975334,1492957,1401549,1584281,1992319,1877734,1975662,2514068,1732929,2128043,2128034,1513871,1447625,1567306,1821058,1863279,2203793,1903271,2142452,2165528,1907403,2574988,2453402,1992793,1940669,1807926,1817541,2480825,2509063,2283588,2409821,2663278,1945654,2683076,2345866,1880915
기타숙박,제주특별자치도,3200134,2701039,2999879,3694494,3733645,3784212,4328540,4969365,3254438,3543500,3074670,3185035,2988959,2887467,2979921,3239115,3621634,3686073,4235370,4870865,2982725,3713315,3203770,3380656,3117089,1825441,1459688,1617462,2295876,2502201,3248905,4469280,2521845,3394897,3355354,2104857,1634909,2381954,2856321,3586065,3919859,3677470,4228052,3852322,3161577,4333743,4127326,3537400,3817379,3426583,3088264,3999109,4207681,4315403,4477549,5063421,3115272,4463139,3620149,3196428
기타숙박,충청남도,2929109,2601799,3171747,3240703,3320671,3179899,3487867,3643823,3155332,3273783,3131587,3019575,2676554,2394570,3024872,2986666,3254484,3152086,3164256,3782353,2782400,3270284,2889873,2673285,2350117,2004258,1861796,2171788,2666106,2595560,2627627,2900214,2395174,2866768,2586191,2198166,1986093,2004744,2435982,2634242,2837003,2793444,2922903,2905256,2526397,3016851,2806026,2638535,2307923,2149726,2447308,2894734,3060996,3019449,3295004,3394896,2852084,3391234,3006054,2660702
기타숙박,충청북도,2011118,1842470,2114070,2175409,2423637,2220051,2471325,2584145,2182676,2170891,2139753,2145008,1852394,1719418,2077767,2039907,2175727,2111982,2190704,2463397,1954877,2184162,2037729,2001163,1707907,1539397,1361967,1456141,1752304,1756238,1889939,2034300,1639841,1946278,1850287,1423965,1356169,1361850,1655069,1725491,1924317,1877131,2169678,2108251,1960488,2328967,2247393,2122895,1888922,1738905,1936785,2184575,2287485,2234524,2498497,2726903,2210353,2613663,2264850,2205585
면세점,강원도,4864,7800,12334,11999,11250,14660,10486,13408,13641,15049,6683,6570,14408,6680,18383,9514,17061,13452,7801,7460,3334,5714,4051,3492,8045,4499,9292,5264,5371,5203,6404,5851,4401,2824,4111,1239,2790,2405,11516,6782,9126,7380,5621,6098,4886,3489,3802,1724,1931,2814,8606,8406,8072,8309,10509,7611,7632,8922,12413,9708
면세점,경기도,9075,10954,15989,9426,2103,13823,15829,8892,14623,11207,10385,10557,16338,5481,13699,11634,19044,10573,6371,9297,24386,16970,16513,22095,17044,332,137,138,143,137,320,195,419,359,154,93,200,121,247,271,233,155,232,216,188,102,254,95,124,201,527,265,242,202,129,276,380,268,241,222
면세점,경상남도,1804,911,626,831,601,1932,1614,2012,1291,1265,2645,691,567,1536,892,556,672,836,1188,1706,766,809,796,625,1026,466,268,494,618,710,934,744,478,700,391,452,539,523,505,450,595,366,726,368,340,704,427,279,672,515,224,289,461,725,447,483,573,444,385,237
면세점,경상북도,0,0,0,0,0,0,0,0,0,0,0,0,0,0,0,0,0,0,0,0,0,0,0,0,0,0,0,0,0,0,0,0,0,0,0,0,0,0,0,0,0,0,0,0,0,0,0,0,0,0,0,0,0,0,0,0,0,0,0,0
면세점,광주광역시,0,0,0,0,0,0,0,0,0,0,0,0,0,0,0,0,0,0,0,0,0,0,0,0,0,0,0,0,0,0,0,0,0,0,0,0,0,0,0,0,0,0,0,0,0,0,0,0,118236,0,0,0,0,0,0,0,0,0,0,0
면세점,대구광역시,281114,218920,296107,272725,266542,281634,295107,311103,255001,277240,293796,312143,329285,327413,370461,345222,377187,374529,342397,312549,233350,275020,253466,239066,236501,0,0,0,0,0,0,0,0,0,0,0,0,0,0,1946,3109,550,2855,1229,0,0,0,0,0,0,0,0,719,6309,19278,21484,12817,21378,56473,84475
면세점,대전광역시,14670,4978,0,0,0,0,0,0,0,0,0,0,0,0,0,0,0,0,0,0,0,0,0,0,0,0,0,0,0,0,0,0,0,0,0,0,0,0,0,0,0,0,0,0,0,0,0,0,0,0,0,0,0,0,0,0,0,0,0,0
면세점,부산광역시,6479094,5216586,4971381,5345617,5564912,5057605,4706484,4416417,4036884,5535121,6036264,5394824,5454264,4290725,5291519,4465816,4232970,5120597,4062419,3372194,3360615,3561036,3743610,3548097,4150744,1230201,58063,5537,11909,19540,30745,28964,66826,132970,156240,153094,103502,58262,70207,104471,202078,200852,113277,101669,143757,149474,133242,172389,0,98405,213637,213447,245209,357914,668947,740208,482785,755208,1252312,1700584
면세점,서울특별시,11541861,9556977,7600884,8219002,8677991,12058494,11374895,10818916,7472470,8773618,9762776,8775373,11838904,9115178,8230886,8144407,8620257,10633052,9744915,7919165,7912787,6999586,8909633,11159804,7888215,2330016,376052,120266,220649,567664,706509,1170367,957621,1212345,1536967,1543167,1693182,1304723,1713624,1819971,1927617,1758766,1658199,1749988,1497444,1640336,2218141,1840917,1799361,1555211,2057168,3131941,3717043,4500294,4692860,4614606,3090468,3239273,5049127,7215524
면세점,울산광역시,16431,15803,19399,16626,8922,8995,11921,8736,5816,3136,11721,4455,10360,14639,9968,13909,21506,5943,6591,4338,5582,6760,4695,4024,1928,7188,416,0,0,0,0,2259,2360,1300,0,0,0,0,0,374,60,0,0,0,0,0,0,0,0,0,1172,0,0,0,0,205,0,0,1772,430
면세점,인천광역시,29169142,26580192,28887695,29404115,29831450,29549616,29355075,30069858,28762693,29330031,28740774,29478960,31217286,29589347,28332523,27914087,28668297,31425110,29715274,28756971,28120920,28525168,27815544,28315879,29526671,13034923,2398356,276216,418204,704238,1066487,1254906,1247675,1207858,1280635,1481928,1386334,1141785,1308435,1314218,1284037,1418147,1690972,1867683,1857475,2289117,2896561,2673612,2482947,2235497,2941778,4655708,6368414,7275845,8020643,8248091,7522647,8561291,9735803,11938434
면세점,전라남도,48777,33386,31522,17196,35860,27827,38755,43690,35819,34345,47443,48023,78851,77194,60113,58279,65978,63516,62630,77097,47224,57666,61451,55426,76858,20552,0,0,0,0,0,0,0,0,0,0,0,0,0,0,0,0,0,0,0,0,0,0,0,0,0,0,0,0,7454,17214,0,0,3006,23547
면세점,전라북도,0,0,0,0,2902,3575,5761,4265,5912,2545,3764,2986,3956,2238,651,1166,17,0,399,51,939,2063,1140,370,0,0,0,0,0,0,0,0,0,0,0,0,0,0,0,0,0,0,0,0,0,0,0,0,0,0,0,0,0,0,0,0,0,0,0,0
면세점,제주특별자치도,14634054,13002496,14628059,17149015,16398782,15962625,14692763,16485677,15753794,14388157,14673179,13234828,13643173,13425461,14398581,15520077,15459508,15403199,13903748,15699705,12902906,15006883,15124750,14103338,13649975,7171182,5864794,6924828,12472721,13544176,13897068,16587366,11480266,17808796,19979565,11580835,8563824,13629666,17686261,21110220,19493458,17033759,11874183,14528370,14452263,20833400,21732464,18322920,19265325,16951444,16894437,22209650,21945688,21233068,17247363,18766634,13961101,16605731,15785244,12792840
면세점,충청남도,0,0,0,0,0,0,0,0,0,0,0,0,0,0,0,0,0,0,0,0,0,0,0,0,0,0,0,0,0,0,0,0,0,0,0,0,0,0,0,0,0,0,0,0,0,0,0,0,0,0,0,0,0,0,0,0,0,0,0,0
면세점,충청북도,63205,42811,17093,31213,43856,44522,46398,39077,36606,42080,37746,50012,57626,34117,50023,56289,4559,4251,11876,11528,6161,7657,6818,6537,57780,11233,0,0,0,0,0,0,0,0,0,0,0,0,0,0,0,0,0,0,0,0,0,0,0,0,0,0,0,0,0,0,0,0,0,0
관광기념품,강원도,287995,279343,252185,269418,358760,295495,354797,484665,374782,394351,269602,287339,284685,275534,270757,211670,337008,330653,313097,490246,267720,377076,300499,266027,278449,129173,129173,146862,276581,260055,307788,378714,176221,353369,249467,136903,145431,207086,174712,236637,327944,294900,310945,355679,277980,412628,305329,222900,263243,219549,152020,256571,356968,328981,386754,483682,299552,457743,284341,214860
관광기념품,경기도,530007,512037,739793,815629,920614,753326,627596,680629,718102,768534,731610,730219,669217,626655,716618,914009,948023,737148,682611,721471,649311,835243,756233,795689,671470,525320,525320,682713,882579,745485,685096,540044,663688,729647,686009,528454,529481,682841,721651,736767,953268,741744,693332,817190,830369,994446,892236,867559,850119,756957,770601,1098943,1154773,965350,890974,962442,880421,1125517,807853,706515
관광기념품,경상남도,152854,152369,199446,229908,310179,201418,191137,218686,193995,230927,203161,168378,195468,187400,245124,245188,325622,255656,234620,284011,202249,271610,227221,233438,228352,147413,147413,192817,329192,231701,253515,342054,225809,284495,252982,180006,161981,215567,212964,262429,357942,262739,259339,338984,272909,329479,316917,238904,323706,256773,285197,357476,343440,287938,282481,356138,243460,434875,303857,229060
관광기념품,경상북도,163985,165767,188626,276566,277194,206812,197810,260503,234995,263292,233981,188558,193130,217185,210254,264215,290099,218227,197905,266511,199533,269062,230633,208262,189587,94625,94625,148060,217928,171770,188621,269160,165960,257346,256114,145033,174618,188468,193320,230941,299159,282582,237605,283603,264522,353009,274768,210161,243655,190063,171763,317978,339596,315136,260265,335195,242354,377555,289776,212693
관광기념품,광주광역시,58358,55031,81551,72479,73056,58845,57039,55990,59003,65203,58545,55069,68198,52242,74188,69104,85207,72209,61001,69303,67765,58965,65251,69831,61270,62174,62174,71244,91174,72901,43190,46698,58712,62379,52723,43599,45104,72468,70362,75251,82362,55817,53281,53780,65960,64161,62396,73711,72770,66246,82434,82446,85927,81102,50351,55184,51462,87917,68078,49821
관광기념품,대구광역시,227208,206864,275312,266090,290100,277115,262199,282298,261113,294687,308151,344693,318432,293733,363573,327762,350289,351196,308894,295953,244544,274007,241862,254444,239861,43563,43563,63113,151840,101682,85776,75751,108377,102049,98562,92446,98672,105072,116380,114397,120270,84192,95596,78416,106381,108104,103845,120645,105671,89551,103353,116317,115795,109636,110912,102588,94287,123857,116830,115051
관광기념품,대전광역시,69198,87294,90722,111343,119807,84377,77979,93417,86182,90398,89923,108622,104100,78662,86616,108975,91344,91916,83159,76484,72477,92426,79215,78135,67653,48646,48646,70365,99944,79400,60466,62151,82372,55158,73898,57276,66695,82253,72000,80246,69391,76199,59583,61457,70804,86420,73048,93536,82158,46268,44687,72399,71779,53669,67719,77399,62150,77648,75895,84328
관광기념품,부산광역시,238516,236026,260768,265562,313097,231324,235389,209578,216345,235649,262001,268896,284321,249842,287378,320793,312980,209210,235531,268315,174736,262323,220606,238945,240292,91148,91148,170377,253091,216557,180923,175808,147712,193814,219860,213454,179440,230287,239406,318122,313711,267851,246535,223703,250701,285718,295421,284130,345341,301112,247732,335841,367485,341946,358129,421416,276000,367735,318519,334005
관광기념품,서울특별시,1093624,1120881,1324979,1305176,1377727,1304093,1123519,1113694,1291758,1168100,1206130,1333282,1223600,1204233,1367133,1320378,1511096,1288197,1184919,1361579,1106454,1272869,1841996,1614238,1119765,534237,534237,615319,878191,778484,930422,782140,686372,895438,949908,749864,581902,776288,889838,985326,1002914,904421,874990,1022711,1027675,1118395,1180162,1138670,1140073,1116900,1117708,1221474,1587281,1368818,1421676,1460528,1217550,1474710,1466201,1330477
관광기념품,울산광역시,32499,31842,34441,40463,57764,39616,58908,49602,32657,36323,52135,41849,46446,38665,62043,40452,49524,77685,48178,54999,47451,50479,56791,38594,32253,19419,19419,25248,54098,64596,108538,44272,37508,50888,47713,27756,40125,30332,36054,40178,45723,38774,37854,51415,50092,61429,66886,62710,60742,32528,40657,46633,83769,51383,80893,69273,56781,74362,68286,68319
관광기념품,인천광역시,77612,67164,85092,93112,133787,116705,102434,111144,137283,131833,111318,111711,103466,106027,110914,109484,150694,122754,116170,128869,100496,129945,115533,135692,109481,74585,74585,87988,120027,91824,105527,84165,114033,143767,116867,102810,103724,114074,123604,119096,123220,103901,86285,108193,100063,126134,104832,96867,123084,100048,98218,118350,172345,142671,132839,139218,122462,148861,127693,126361
관광기념품,전라남도,58002,72504,103971,117017,171722,143009,137993,152864,107040,134111,141107,100429,94908,103255,127408,122180,163538,131109,122939,178009,100701,145769,139393,82167,90124,69710,69710,79528,137835,96629,97569,105870,69779,110581,98586,57787,57587,76970,81319,99211,155275,157371,193279,218804,158684,258140,170821,143038,175671,136385,131250,198192,278419,211048,246622,294740,169176,257812,200334,130425
관광기념품,전라북도,161883,151782,193824,221024,268977,171496,149856,194398,199114,189107,199022,170487,184257,160547,187466,220953,256783,197206,174830,200637,152840,230516,206983,140939,139043,93404,93404,125292,186486,136327,130611,142803,111722,173216,163965,109449,97245,153892,156800,184587,213498,155469,119454,172731,176919,216841,201009,163243,138938,130783,133977,223283,239182,193278,170430,199307,137234,194309,179703,103085
관광기념품,제주특별자치도,1375965,1023975,1570792,2082419,1799703,1828418,1520068,1671908,1475281,1685789,1624400,1202806,1220501,1080766,1773693,1991159,1820647,1843728,1495402,1858010,1516138,2099056,1992913,1587868,1478438,402243,402243,446765,911490,1153132,1435455,1842028,913352,1579819,2124313,785440,567488,1013278,1427497,2068819,2221201,2324373,2133936,1791138,1619458,2595361,3189813,2305774,2373052,2241258,2037211,3273742,3596841,3800456,3097957,3278398,2855922,4182978,3458649,2415221
관광기념품,충청남도,100237,96842,171027,122479,148249,113190,122373,125988,121193,126192,119557,111310,108321,98910,119488,166498,156845,143220,121776,140185,104473,166512,124524,112394,93682,75304,75304,95078,147475,88012,102318,101371,73017,118072,86836,68414,68848,87795,108229,117953,140407,104323,110085,128523,118245,163852,112085,108760,112345,111794,124910,182115,197556,153798,152899,184641,145936,206815,129240,112439
관광기념품,충청북도,90163,98251,116748,119967,155222,126603,104212,104654,127557,114825,97699,104439,129822,106827,128108,126507,140705,118477,116804,153057,133756,145110,139242,121507,126637,104819,104819,135787,165883,132910,135016,119194,134406,122755,121360,97362,99895,103386,125003,145899,142744,131498,120562,120512,126245,143125,117576,107896,101856,91624,112440,139139,166432,139390,146334,142566,145553,156549,139823,106887
레저용품쇼핑,강원도,9059443,7955740,9035508,9126697,9675643,7935580,6975643,6155545,8841937,10779868,1019076,10390648,8727233,7689695,8268432,8098463,9620638,7152854,6573105,6318161,7554726,8897244,9442008,8624555,7328078,5279013,5407154,6815093,10589602,7256554,5994307,4954580,6107846,8862445,7424168,5788314,4681050,5433360,6320683,6882569,7247747,6329850,5762855,5000806,7239947,8345451,7902573,6940411,7326072,5911345,5679643,7890494,8339862,6691797,6124961,5398988,6803160,8760022,7167330,7976953
레저용품쇼핑,경기도,34681226,31685208,45625164,46077034,48045418,43357272,38339064,31228786,42612832,54397365,12027632,45029600,31348112,29387952,41886175,42216810,47444917,40774674,35937389,32288960,36479433,47209953,45831933,37620198,28110157,22850769,28761763,42722335,59739880,43876794,37955036,29657109,35270783,51297024,42917477,29762611,23198395,28686661,41027071,44318696,46187543,41103341,36915428,33056262,44598231,54183733,46094249,38097440,32250581,28562142,39596317,51376864,53129546,44480836,40879110,34217300,40128979,53094835,42004994,37867622
레저용품쇼핑,경상남도,10322521,9890061,12755868,13314068,12893459,11084195,10680236,7885957,11289878,14976921,2098548,13374559,9604964,8923663,11753083,11850416,12989266,10336379,9422857,8219528,9208670,12281782,13840493,10847378,8212061,6178269,7006081,9960172,16498963,10802164,8403959,7782339,8772907,13503496,12336729,9262989,7240610,7230732,9392631,9851711,10545658,9487519,8693370,7139345,10912844,13052197,12176646,9662901,8958796,6935169,8571471,11730966,12118973,9879536,9024441,7591018,8878252,13845599,10904588,10052778
레저용품쇼핑,경상북도,10668460,10278306,13359579,13064001,13234137,11129210,10110109,7682672,11800546,15204187,1973213,14148006,9701278,9390055,12423299,11768237,12887566,9881602,8719558,7504295,9619868,12574572,13859001,11221213,8342333,5728606,5945211,9255564,15804032,9988417,7702111,6769219,8353625,12843963,11651053,8598298,6492423,7316678,9438461,9428229,10125281,8586358,7632739,6042303,10596555,12145294,11912881,9398747,8242654,6705655,8837097,11356422,11788374,9133914,8304067,6591764,8960831,12923854,11186230,10458186
레저용품쇼핑,광주광역시,5910894,5758207,8642728,8690988,8929471,7144403,6598810,4958403,7255693,9532667,1364245,8094221,5639345,5627005,7690847,7706630,8476436,6667456,5814097,4942042,6130946,8086117,8604160,6692295,4898029,4043504,5356159,6916936,10420768,7079083,4782801,4588198,5538089,8860690,7943817,5982679,4463964,4893952,7238986,7513302,7868011,6554487,5785153,4722079,7142426,9055401,8162342,6527169,5543529,4951780,6920292,8912807,8936642,7083683,5842394,4680983,5931050,8935451,6840222,5644059
레저용품쇼핑,대구광역시,7755636,7507227,10084936,10209645,10200093,8485146,7762043,6145054,8898207,11698568,3143298,10331551,7236024,7277159,9453865,9086456,9975179,7740630,7062108,6151661,7405184,10098532,10251505,8551641,6580772,4329180,4325850,6934178,11588649,7832129,6061549,5449310,6943932,9613290,8991064,6964522,5319809,5646679,7851097,7819391,8271844,6854288,5942329,5161327,8139292,9303532,8955710,7838212,6568524,5525004,7247336,9082776,9384396,7742833,6924400,6533824,8791086,12354706,10326621,10055236
레저용품쇼핑,대전광역시,3784105,3462080,4425959,4322931,4531370,3861038,3379973,2776945,3717566,4649767,936271,3941242,2949478,2787834,3800970,3696129,4207468,3317742,2989252,2625181,3065807,3683979,3657256,2978215,2508677,2039614,2284683,3239568,4915955,2927613,1990534,1899216,2226601,3047871,2419516,1944597,1688135,1749135,2532089,2588934,2484744,2248341,1952472,1775854,2849747,2770808,2156375,1971229,1887301,1726619,2339336,2914763,2903202,2408487,2172507,2461824,3146622,4479320,3719631,3632871
레저용품쇼핑,부산광역시,12244841,11347616,15258181,16066102,16096930,13169634,11712443,8958765,12669285,17817968,3541590,15525910,11039631,10057125,13570897,13733783,15015121,11826439,10016012,8612243,10079361,14432060,14831901,12382410,8974254,7041018,7248686,10448762,15683470,9503066,7463532,6658754,7040874,10779020,9900827,7360553,5919996,5937913,8453657,8535785,9055899,7902428,7133166,5839524,8749760,10562255,9669933,8161609,7323839,6064226,7704278,10208226,10717069,8790286,8248400,6755501,7819314,11675872,9398680,8667568
레저용품쇼핑,서울특별시,37172607,38181100,52113367,50538344,52256618,48878587,45271063,38762138,48520680,55158294,12596768,48787379,37488782,38547024,47720413,46870484,52712727,46018981,40540197,37166306,42936289,48618876,46471612,42079433,34329947,29235584,31581866,39203680,53854958,44324848,39631859,31234814,34752744,47192885,40884368,28268410,24132677,30897915,40880735,43641547,44835951,40488934,35901163,34296334,40639477,46084777,40973927,37081673,3476762,33212435,41874200,49662615,51015741,44091385,41987411,36898582,39262149,48410331,40693988,37907706
레저용품쇼핑,울산광역시,3186453,2919510,3908080,3868206,3906447,3319046,3230595,2365286,3412201,4368871,849589,3965864,2862991,2644006,3634530,3489638,3821584,2994052,2861095,2443413,2865882,3681131,4017111,3388257,2574939,1918618,1997023,2878370,4582667,3075140,2546950,2295295,2515144,3831947,3569224,2670977,2127948,2183933,2966985,2994603,3232792,2800420,2707547,2154470,3243833,3910760,3632898,2884221,2570531,2271560,2839153,3529689,3664120,3081395,2856348,2384512,2782628,3915584,3259274,3147493
레저용품쇼핑,인천광역시,8936826,8700943,11271161,11015892,11978469,10428299,9690435,7602491,10928667,13671813,2565574,12554061,8521531,8306619,10750018,10647902,11893965,9460549,8267788,7620350,9083036,11377849,12386231,10669145,8276687,6225068,6855629,9360378,15395594,10094980,8529792,6676803,8013866,12236456,10288806,7068475,5805399,6570102,8805732,9391018,9966047,8718239,7264757,6232373,10490722,11814256,9949203,7713883,6856420,6102340,8092643,10754950,11022947,9022862,9224204,7749057,10000967,12713100,10457342,9934155
레저용품쇼핑,전라남도,6071739,5783748,8031860,7977233,8234679,6696923,6061630,4706971,7090843,8893503,754172,8025810,5395203,5389476,7187250,7309990,8136771,6130253,5517039,4693583,5850382,7572561,8349847,6614303,4811281,3921091,4669192,6124039,9448215,6387167,5032130,4373497,5399097,8153515,6972935,6009574,4269402,4162708,5912598,6136177,6546141,5765869,4930999,4286175,6674590,7829631,7366018,6230186,4897256,3888748,5396143,7118659,7501145,6096480,5561906,4566329,5613426,8050871,6766977,6370041
레저용품쇼핑,전라북도,8480899,8273030,10528819,10135104,10295246,8500648,7577706,5702886,8792069,11549545,938433,10840131,7162481,7061644,8857440,8651160,9896952,7532333,6518225,5585469,7184131,9612791,10156082,8457431,6221703,4966075,6191010,7152223,11237461,7293994,5699689,4749234,6721832,10773478,9494090,7207060,5922201,7215148,8900374,8231576,8687840,6988206,5837090,4928491,8065813,9987764,9157430,8261793,6970798,6000885,7186351,9550746,9829818,7607111,6565426,5127506,5807978,7841444,6480345,6452142
레저용품쇼핑,제주특별자치도,4129524,3918003,4807120,4922098,5348422,4553440,4258825,3111656,4438676,5552780,546349,5725198,3931527,3682634,4402005,4653965,5264107,4239770,3809276,3306496,3826321,4944543,5319084,4739606,3554419,2631201,3311867,4101749,5965519,4091658,3497050,3130643,3837364,5319582,5216297,3820311,2684728,3135357,4016650,4196803,4485363,3928126,3298373,2998743,3815286,4745763,4645400,4003081,3610663,2866018,3629350,4616443,5131509,4368504,3759414,3151805,3564331,5145686,4192706,3869336
레저용품쇼핑,충청남도,7075975,6874769,9208302,9264008,9665215,8272484,7621286,6065583,8928973,11018270,1436309,10039239,6803230,6222573,8447569,8491805,9686984,7834302,6876658,6178778,7356982,9207459,9484204,7872376,5820900,4266950,4905650,7157775,11082026,7595456,6211769,5365250,6755767,9777896,8366150,6627379,4979706,5183210,6918696,7270754,7847397,6703731,6295686,5406394,8527960,9540754,8252601,7039118,5751639,4666077,6312717,8230691,8729847,7384337,6669252,6119616,8317558,11314367,8985433,8345285
레저용품쇼핑,충청북도,6697758,6639065,8943755,8874674,9246345,7550474,6604098,5198294,8068519,10192159,843500,8708292,6199424,5954726,8003182,7992130,8841723,6771864,5948550,5241563,7195231,8832057,8899808,7470671,5693610,4224528,4849367,6563114,10453679,6727680,5260576,4306452,5944331,8494244,7354293,5129121,4167334,4753290,6401483,6635673,6848483,5890114,5143795,4317129,7296967,8326186,7727992,6560415,5481737,4460649,6063107,8179576,8080335,6440011,5803162,4823985,6509525,8998096,7238822,6890992
대형쇼핑몰,강원도,7329910,8173763,8085097,7347769,8295911,7756487,9888801,10227509,9027070,7424398,6885193,8240868,7073710,7539009,7823968,6120763,7736995,7161594,8079743,9579035,7730994,6737678,7098245,7616583,7659662,5449013,4923378,5845734,7496769,6491834,7573910,8711151,6762718,7142416,5799494,6155724,5979613,6519741,6147199,5904046,7423942,6201938,7582287,7910469,7024090,6886095,6071101,6784227,7854996,5792455,6440470,6747786,7638343,7234505,8572978,8743146,7140182,7103572,6002429,7084121
대형쇼핑몰,경기도,208312573,219313322,219313322,218660024,234577004,217341124,225140109,214532420,260195120,244834598,234618329,268989300,221889978,216470229,253299926,215450325,241002264,222489376,205346374,217055700,241025047,239273888,249362430,251079823,224298034,161583566,172393347,197121361,235475244,203542088,199211739,197015120,217445277,251126316,233218042,201820814,198988710,211650954,224873083,216046356,244006790,206350481,201902567,204620617,231162572,275787938,245709953,244702848,258113727,209238099,242250505,265123708,274955111,254053702,255479867,243823923,260682992,299713953,255551479,266907737
대형쇼핑몰,경상남도,23562216,26496469,25443424,23850533,26398780,23700709,26053654,24190606,28988917,24395260,24786780,27474133,23403832,23439561,25191555,21476919,24872505,22339598,21499834,23407442,24436899,22565589,23525581,23863375,23126724,15871123,14772535,17262062,22558734,19919390,19681607,21883697,22537417,22723195,20153571,18934750,19462088,20273493,19519018,18548084,21812559,18797762,19149763,18606275,20700526,21983194,20171516,21015621,24835937,17396516,20052817,22864998,24568391,22781454,23346068,23240119,23264445,24814654,21983103,24292518
대형쇼핑몰,경상북도,12208570,13705240,12819616,11908217,13533046,12319874,14565372,13445356,14616626,11208390,11075563,12816441,11754499,11806583,12068756,10062033,11722640,11048926,11304324,12659961,12446122,10119489,10439534,11127399,12261412,8099367,7539650,8613842,10487919,9787689,10019770,12193606,11405479,10061529,9769199,9635455,9693044,9892865,9447792,8784055,10501662,9249917,10832005,10576488,10292415,9656374,8700867,9671624,11584450,8190141,9293337,9504814,10486770,10161222,11117488,11307901,10086432,9656636,8806791,10105046
대형쇼핑몰,광주광역시,21436227,23656461,24669999,22555781,24714523,22515647,23521639,20895460,27334218,25711883,25942870,28816211,24283019,23638347,27846765,23385494,25970949,22947209,22085218,22846690,26749147,25216978,27804191,28558211,25107863,16623997,18090338,21285933,26204866,22183906,15678542,19287216,21329281,25239446,23632812,21304394,20554634,21992926,24706836,23588873,25093115,20834240,21145483,20472782,24073228,26716965,24945608,26665059,26831338,22300913,26826350,29284613,29583308,30858147,27016154,24955569,28039431,30794827,27654664,28969438
대형쇼핑몰,대구광역시,52315642,56141741,55387925,51548319,56635101,51373000,54574799,48705070,61132479,57101730,55547155,61918992,52933491,52021660,58726545,51507297,56753523,49800283,47760171,49601429,54560928,53746920,56667548,59622476,53326883,34213804,23464416,34891334,47184555,44251936,43640523,45744179,49914461,53695170,52119011,49333941,46759497,48921640,52435667,50542436,55302710,49041551,47121486,44718943,51108510,56885429,54522796,56580507,62784932,53553243,60131743,63414531,67906743,71202192,64898508,60737457,63631472,71204377,65680535,72196287
대형쇼핑몰,대전광역시,20938069,21941440,23374622,20880505,22807871,20796983,22387657,20757229,23667727,21773613,22075297,24645907,21032321,20132346,23552646,18978486,21577402,19972877,18951958,20006673,21303580,20299626,20934162,22437882,20551909,15478096,14747583,16699620,20201338,44251936,18919583,21988969,22536014,25668595,24206379,21713291,21574772,22528071,25738887,22859416,25725241,21364652,21267814,25303171,33332097,35861243,31976050,34815325,36416250,29836902,34047793,35654061,35942304,44421676,36721229,36657337,38604441,34523325,31116100,32077240
대형쇼핑몰,부산광역시,95679310,102501544,104128003,95170863,101943390,96812443,102506749,99085391,114051907,103105089,100817315,110767980,99785918,97788089,106759085,92903011,99155430,92650836,89112826,95263969,99024493,96314035,99154937,103363337,99891627,77468878,76621721,83257111,96496856,78533939,77420351,81679814,83591722,85701330,85526364,74780552,77047688,80638193,85811651,79943831,89015481,80298822,79673604,74380876,84883337,92992670,85689312,90494539,100191771,81337269,91548341,96842795,101629488,98807774,97230841,95720596,95499612,106939304,94717817,104514410
대형쇼핑몰,서울특별시,225273588,238329046,247036832,227222610,245384103,232893672,242704696,229007962,256008369,250778195,242077533,278176792,231993504,217674237,254562743,226123198,251083823,230449271,220269932,228921076,233689220,235204806,245995974,263221015,228373982,172095881,165435304,185412135,222980453,204419604,204560612,198544495,205712200,224478581,217958168,200818317,192041917,201021862,225440041,221279257,237373984,217595915,200047628,196454685,214360277,248736251,235035197,262897947,271242270,231446762,260257026,278638385,289997338,289503432,281716307,266620027,264214113,291315282,273110824,305488162
대형쇼핑몰,울산광역시,11104209,11757643,12115866,11184558,11781744,10886704,12117975,10804979,12761710,10852309,10975933,12189622,11110484,10629004,11919157,10277849,11390799,10505885,10188752,10951122,11033753,10315986,10884760,11118154,11098477,7960851,6923030,8147185,11154061,9296027,9020595,9883469,9372066,9679435,9533153,8644609,9120108,8870773,9083476,8465835,9468953,8480797,8965057,8111314,8629253,9577701,8765886,9472677,10461611,8197080,9658828,9817726,10562170,9556636,10223584,9971696,9777879,10519346,9303383,10833683
대형쇼핑몰,인천광역시,38468934,40914121,42131682,39499117,42618794,40013641,42383898,39218771,46136314,41071920,40427969,44913639,37168576,34988434,39911688,34428727,39608304,36234571,33910902,35692773,37217119,34796155,36747801,37977813,36335181,25788744,26674809,29544876,32689777,29811156,30517575,31537881,32870236,34559548,33027074,31169939,30231195,30900552,31966816,30544344,34399787,29666225,29846402,29116460,32078551,34567122,31142950,32424247,35526746,28942614,33610837,35031085,36649927,33444501,35756475,34326643,35433899,38633209,33079457,36643437
대형쇼핑몰,전라남도,8497550,9649489,9760156,9002336,9902423,8711349,9715381,9047037,10802787,9395464,9579886,11289919,8907803,9692623,10362163,8632144,10105659,8924610,8590144,9041679,9840482,9132764,9879159,10205103,9399750,6455144,6744299,7914928,10468641,8246797,7538632,8266309,7536267,9541062,7406012,7795003,7361639,7934426,8518079,7686551,8934029,7641557,8271571,7732130,8507572,7447400,6875356,7203354,7203285,5603059,6598316,7451639,8203610,7312009,8419456,8930046,9401415,10539601,9079760,10008725
대형쇼핑몰,전라북도,10389325,11885548,11671183,10936096,13396827,11333703,12415909,11856691,14104168,11734816,11756940,13743604,11851460,11929509,12565916,10410698,12066141,10793745,10585862,11007117,12200523,10552957,11259500,11938431,11740126,7016467,7918507,8906722,10989776,9056037,9100801,9835514,9960154,10201148,9339097,8785446,9046808,9244579,9082495,8272477,9998672,8331561,8903735,8634682,9268218,9219192,8396797,8901497,10497405,7464888,8698679,9062740,10053954,9008379,9536560,9049711,8353036,8347933,7473307,8491861
대형쇼핑몰,제주특별자치도,2804479,2597690,2619526,2642375,2840024,2849328,3374982,3544771,2827583,2432271,2232301,2547936,2503041,2359387,2284345,2160062,2441183,2462874,2856117,3077717,2364039,2226579,2160930,2395763,2483602,1619237,1768192,1852633,2103086,2090310,2384985,2970592,2283986,2266056,2202497,2281253,2064961,2040533,2055974,2160651,2471126,2354919,2800570,2593618,2163484,3160473,3048321,3184327,3561482,2865970,2983209,3116693,3320176,3172862,3544716,3673201,2737574,3290175,2796420,2894426
대형쇼핑몰,충청남도,16975411,18693543,19493545,17500360,18976018,17559017,19131593,17749190,20694355,18369040,18203263,20249893,16650656,16778017,19164489,15813681,18003692,16574880,15860019,17145417,17808089,16898424,17486413,18034861,16756613,12085141,11543971,13914271,17093441,14147599,14147595,14846479,15189985,16443477,14133151,14530229,14123104,14407779,14875472,14263395,16487335,13818180,14811595,14441246,15263286,16804247,14887623,15957866,18328809,14622544,16338501,17404495,19848030,19049085,17762366,17365985,18672089,20882462,18421463,17309164
대형쇼핑몰,충청북도,13985678,15813516,15763374,14492622,15509773,14342447,15867704,14885873,17852145,15009359,15091235,17083840,14708408,14442562,15996021,13285939,14759822,13676217,13348524,14049875,15569829,14516365,15616607,15922686,15171757,10818023,11251956,12198149,13810803,12165517,12197835,12852966,13645838,13832367,13049736,12110168,12386106,12461878,12598908,11629964,13374082,11354100,12478461,12062828,12891916,13285418,12098623,12970549,13987942,10546569,12183013,12673431,13722001,12348118,13295029,13071220,13519421,14207174,12634321,14443495
관광유원시설,강원도,194870,116009,185613,210511,277577,237948,657156,984389,375969,347080,230977,226797,259136,297418,256015,216577,301168,392026,512072,924660,298473,388806,424780,409183,424931,281393,209411,370255,370255,341972,421559,544657,281068,637411,397829,161832,172065,307675,234120,374257,482847,414771,516388,604578,453950,698263,675567,449273,618422,513188,383816,1222803,2050356,1504769,1465059,1934973,1373402,2140108,1032707,644026
관광유원시설,경기도,1043299,957478,1512891,1484975,1872950,1792054,1365476,1455983,1940531,1787850,1247737,1344459,1294323,1372283,1762520,1578175,2005230,2033431,1470184,1943299,1917771,2185508,1581198,1580793,1381016,658732,677441,1576421,1576421,1088031,1337901,1052352,969010,1799134,1031930,541039,706731,1103273,1070740,1351021,1584063,1604012,990427,1440440,1570930,1775696,1213630,1000863,1817376,1567563,1387368,2066683,2593094,2264126,2032494,2508705,2287182,2425393,1584133,1564324
관광유원시설,경상남도,202486,151182,154861,203000,313191,447232,831445,1067670,254312,217297,198644,188990,233354,197767,202873,189374,282007,301083,434501,572251,176742,251815,271840,185141,182259,121919,109704,243857,243857,204734,235671,335112,155931,383681,265006,93669,110707,164023,173036,193190,294159,222049,289928,376276,311100,441240,336771,177179,224818,187453,189905,316898,462352,383523,498219,542159,279837,529380,357590,227431
관광유원시설,경상북도,256511,207900,211499,283094,298910,304857,529393,831203,282216,281725,215263,233922,265029,245475,264678,282105,295202,412538,529937,542715,207026,321831,254381,258585,254905,107309,47557,193052,193052,150088,209230,324504,106284,265822,228442,99983,132250,271486,242314,311025,398503,288791,258501,310387,297541,414601,353885,273539,315620,224672,211871,339120,407161,326014,429510,480268,277968,428798,306205,292972
관광유원시설,광주광역시,46821,34212,51963,49924,66580,42358,34350,33358,64123,53522,42173,40108,53349,44147,66936,76634,93936,86304,70973,73512,71183,93241,159340,134410,157869,65638,54032,250747,250747,110674,26811,51973,54678,202474,107145,49693,80441,148484,177404,228729,322394,210416,117200,164745,261804,329189,221251,142432,235236,205806,175150,451514,427949,225842,123242,181642,222351,317702,202885,106996
관광유원시설,대구광역시,197486,305243,307577,192665,323656,290445,207751,360662,303437,214472,358624,339711,216832,332194,351327,209203,404297,341111,226941,400618,361585,232265,414558,420646,259646,284263,104072,189574,189574,233301,251765,240616,188982,259586,253724,232727,186195,241500,250450,225047,267065,241241,214867,246168,272872,204921,281366,270660,212042,209861,236207,223489,305224,264643,237951,273234,267491,268076,318366,257977
관광유원시설,대전광역시,56458,47553,188991,188651,254432,169975,75404,90273,138232,124783,66606,66913,61900,63591,140709,143782,163101,152768,86797,97837,131292,160580,89140,104851,72705,44100,34639,115772,115772,59546,31029,58453,55497,109367,63744,29673,38709,73959,89464,113992,132367,87780,88293,61688,92399,125786,88651,54619,93222,66722,108604,169835,172821,136450,117480,166483,246063,234320,124563,126403
관광유원시설,부산광역시,492139,408530,411662,413068,475049,457389,441855,592800,447754,418293,368401,442408,403223,505360,453639,370950,464611,474101,424015,605220,365076,371961,589604,705314,615001,287051,110541,407757,407757,402679,467062,809982,201361,429482,447093,189196,226849,435618,399614,396473,537121,516933,512314,512260,405258,543018,544506,479821,610522,488182,384836,977950,1214142,1031969,1170791,1562010,1035354,1226114,832253,769764
관광유원시설,서울특별시,2753714,2833935,3389751,2275314,2868332,2808686,3524758,3158216,2952458,3163824,2908644,3490954,3021433,3112330,3044905,2433151,2451800,2950990,3326972,3189349,2923012,2874900,3617057,4479474,3148286,1164032,987216,1410063,1410063,964069,1642334,1677302,797901,1789791,1469745,643093,843590,1463182,1683606,2534320,2781498,2262584,1555578,2196582,2381585,3498709,3124543,2597572,2671402,2150467,2216803,4063110,4481894,3600933,4337607,4976279,4527478,5467264,3237383,3818006
관광유원시설,울산광역시,31921,35991,36953,28796,27681,34316,26167,30581,34690,30928,29712,38265,28875,29673,47891,31444,29831,43463,25412,27198,25128,17388,21699,25670,20223,10729,10304,22575,22575,21862,21122,23154,22305,27729,19174,17021,18532,20311,27979,23562,36058,24187,28054,36905,37973,31614,22785,31763,39100,36903,29267,31001,44656,38418,32845,41975,33400,34010,24278,38279
관광유원시설,인천광역시,101016,110826,149577,112265,174256,153334,110396,145967,164804,136868,125051,118993,116772,118033,155530,188226,246247,228415,196791,255211,204233,257710,225866,229771,234518,106683,124032,282477,282477,165259,198600,165399,185138,298509,160155,102752,124749,237051,212712,269847,363906,302608,197796,286038,363450,370729,278341,187764,257628,229080,241523,386681,498965,396815,338211,416500,413712,417306,293238,254911
관광유원시설,전라남도,492757,427116,430874,487732,715407,620585,1175126,1756201,638920,639085,474688,555114,581138,615531,610078,546669,721342,702152,990560,1856078,740102,1028856,1380741,1325709,1389897,697616,433084,1505088,1505088,1098462,1183799,2715985,603977,1419324,1000308,475218,532870,895491,785471,972475,1298754,1150712,1367600,1921573,1106996,1617151,1248939,937961,1169934,944911,654968,1209980,1611198,1577806,1991963,2632861,1124376,1767187,1177928,961317
관광유원시설,전라북도,79982,79982,121327,122724,162522,118286,95058,123103,149016,129054,107350,84925,80316,99342,124212,139521,130696,124729,140540,239306,87330,152270,146757,97427,91324,52028,34462,96175,96175,88037,106333,186649,47629,139116,116160,35262,44094,105512,126009,142811,174666,143482,130276,182393,140325,252456,194246,88717,83340,90986,161914,212841,207640,173836,209774,246167,140097,243073,176912,62368
관광유원시설,제주특별자치도,568311,74694,666603,929471,965988,955668,775220,923268,824232,961545,706916,609564,618741,669876,765486,924360,863216,806144,705915,870520,668440,963514,879903,688704,684319,267475,202576,464260,464260,430774,462019,726152,389091,707089,692579,323563,246359,487853,566281,809482,900240,728722,652181,599338,516145,779282,756680,611749,731874,644168,538008,925673,1128901,993600,801250,858889,733641,1007601,659010,653892
관광유원시설,충청남도,78827,456971,115890,124952,143217,125147,128835,180416,138827,120070,88088,95408,92738,103738,134881,112110,156720,143430,130501,235640,127065,173366,122377,122267,113667,88260,72654,177680,177680,127299,149247,143004,103496,181690,105218,77617,77975,116787,124337,147025,210435,159875,139372,169385,181981,219850,159923,97480,121197,121465,127622,219232,266214,210361,175466,213433,185008,234412,142656,98638
관광유원시설,충청북도,60928,64565,99114,128022,186018,158004,171563,251390,152965,169680,109531,95877,75616,97467,125023,107056,99065,100095,96502,184023,197748,252274,187683,105893,92037,83575,128300,226999,226999,230741,221762,207642,183872,262802,185633,84555,73218,168891,211986,261665,312087,272850,287902,235919,216183,246091,135451,82910,111867,102371,117681,233084,299267,266124,277432,315399,323947,418493,293853,131474
골프장,강원도,2296926,2422921,6714369,9931304,12277535,13434863,11483606,11507390,11950012,12655304,9228591,3450819,2568096,3482351,8003200,10583934,13721224,14154664,12582474,13824105,10974022,14179828,10805678,3958411,3095468,4036313,8839808,12630034,15563965,16039775,15560132,14764519,14444972,17320399,13160633,5121341,2993733,6200420,11306331,15847092,17506806,18139645,18077916,17192615,17471575,19198709,14395343,6296978,4181638,6132516,11981633,18588939,22336093,20786955,20825184,19597037,18724000,20520300,16005594,4858707
골프장,경기도,7869061,11728213,38741275,47301804,51649824,55149022,43521660,35515924,50916494,51782906,42551871,15404863,11146693,16399143,44401711,51966759,58608290,58443138,48682544,45476832,49118668,57768110,46932170,18917280,14322606,20796489,43780667,57226361,63684899,64783145,59411093,49814708,58766922,68353643,13160633,21612886,12554387,28970994,56530918,65894731,67982785,71882541,62609006,58251879,64829919,72582816,60969855,32370210,20938404,29298673,61308264,76084733,84290369,78367425,74199120,63207543,73611248,79459951,66414190,21481985
골프장,경상남도,5222763,6330489,8772381,10255775,12041241,11531784,10284137,8945070,10911807,11837081,11037882,8117049,6236422,7431204,10218933,11215650,12509182,12479209,10857817,10632363,10260348,12560685,11914975,9136752,6553832,7710455,9020860,11958682,14241001,13367252,12290766,12906145,12122961,14924139,12930133,10254616,7678441,9904139,12610284,14657635,16343739,15961695,14850016,13804648,15495861,17648095,14916015,12088777,10894040,11438211,14376728,17250088,18970597,17523742,16450748,16086869,15554770,17807031,15652531,10437969
골프장,경상북도,3058885,4825225,8888821,11193020,12927556,13126881,10273427,9072036,11695885,12727364,11195591,5908698,4167001,6019713,10739041,11841755,13690546,13319494,11812954,11182139,10711447,13161121,11864890,7184819,4757190,6186610,7956449,11839328,14956243,14461170,12949874,13462884,13262634,15862327,13595263,8786662,5674915,9247349,13225190,15569544,17171706,17318259,16348129,14901094,16577845,18971260,16037526,11107247,8387127,9839639,14787354,18373906,20387986,20150561,18009423,17104010,17711782,20749943,17192867,8709982
골프장,광주광역시,615073,705535,1035441,1054809,1141218,1162003,902332,1021994,1129248,1134239,992066,858844,793649,876300,1179527,1104292,1250935,1248958,1096772,1138955,1152596,1264460,1136315,939744,904637,979117,1274925,1375429,1485654,1411289,1239080,1218271,1048972,1504633,1330124,1097033,1073556,1235561,1752625,1704088,1794486,1757937,1874951,1909807,1978984,1995346,1715105,1497403,1549936,1624471,2041214,2104407,2263009,2270510,2158208,2116732,2142517,2184412,1855937,1471281
골프장,대구광역시,907277,1011003,1298459,1332881,1405898,1351278,1282104,1303233,1400747,1405308,1259045,1128357,1129211,1250882,1665175,1583664,1535120,1521629,1530422,1572119,1581170,1612544,1457870,1376188,1366398,1230646,1313567,1615244,1922146,1865153,1971904,1917935,2013420,2147542,1897305,1734077,1717468,1892427,2311750,2307533,2391890,2257667,2424537,2748594,2805421,2911425,2576426,2363848,2428619,2401026,2816730,2976351,3117148,3089610,3125460,3172149,3061536,3140378,2770241,2353744
골프장,대전광역시,527725,562030,801491,912265,1001092,999483,786882,707409,957705,977044,866002,559476,565708,519323,958479,1097368,1170994,1112487,988638,935745,969101,1112762,988139,714017,545582,562157,841397,1013004,1147787,970960,929338,927008,983379,1202747,922871,594312,453928,678353,1035938,1077426,1051731,1118333,1071768,1021616,1162646,1262142,967138,765597,717938,840298,1169449,1274910,1404289,1377077,1344038,1289694,1366931,1483814,1280020,764461
골프장,부산광역시,2121439,2377178,3359866,3835614,4352947,4231321,3795887,3429012,3657322,4109126,3886353,2977663,2509471,2852622,3855333,3900251,4273158,4374619,4008049,3760985,3755560,4082780,4281678,3361851,2641541,3013100,3635135,4403875,5218303,4979489,4595210,4844643,4734039,5515548,4816577,3491972,2989089,3826269,4990255,5352477,5640438,5535687,5589403,5061560,5587213,6228225,5548287,4628179,4319606,4213320,5331951,6126801,6626270,6106939,6168926,6128789,6029779,6813052,5710743,4330740
골프장,서울특별시,3749530,3800763,6577646,6596301,6775870,6549995,6151084,6532802,6774467,6385146,5335743,4889302,4792172,5319097,7008548,6719082,7022857,6977842,6658528,6811572,6779735,7317513,6798615,6063762,6347974,6345739,7451329,8416809,9971099,9961082,9887176,9515420,7437768,10219177,8668200,4208154,4798001,7880787,11027825,10090685,10450402,10556455,10151952,10588391,10486042,11149379,9600338,8027485,8542037,9107483,11236405,11943161,12401341,11930952,11650632,11300157,10928011,11507883,9677352,7802444
골프장,울산광역시,873483,997803,1401181,1528197,1655954,1655365,1585485,1676239,1510293,1860395,1763304,1382191,1141245,1294428,1686250,1750386,1914977,1892175,1798320,1834207,1615517,1873670,1819384,1436555,1149721,1338286,1567993,1914035,2193583,2080979,2041977,2144363,1867776,2388683,2126064,1662068,1452308,1675203,2152405,2272065,2423339,2416625,2508816,2429259,2488118,2741445,2482686,2215198,1976161,1942018,2439487,2910278,3190359,3238784,3259164,3164566,2915043,3330853,3027630,2028265
골프장,인천광역시,1209861,1707233,4289524,4720122,5052284,5395716,4752746,3927077,5111824,5062220,4332825,2053330,1598094,2354343,4755055,5401988,5876591,5793049,4820147,4525009,4673724,5514129,4548721,2428177,1956594,2599413,4583394,5771190,6317296,6144643,5935116,5207019,5618355,6620134,5268531,2600514,1593461,3140155,5392295,5930497,6282057,6991386,6249418,5982177,6208291,7016857,5885826,3516836,2522169,3092803,6079126,7188344,7767916,7152548,7286659,6714146,7560115,8084390,6884691,2684537
골프장,전라남도,1835642,2663506,5417619,6450692,7702286,7558807,5858535,5254488,7292139,7971832,7274177,4229622,2898682,3716312,6116336,6956093,8180988,7928498,6479445,6727860,6417344,8586747,8086555,5002602,3537580,4235479,6185819,7878118,9569385,8983426,7861853,8138147,7979773,10245256,8773943,6106536,3511221,6023632,8347806,9973567,11229100,11147456,9885603,9678747,11088622,12089711,10091747,7828438,6999158,7183738,10229853,12376211,13910012,13868335,11967828,11724919,11990899,14003411,11613921,5707865
골프장,전라북도,928761,1405955,3245302,3887829,4700388,4728497,3692982,3185850,4474786,4841746,4184355,1805016,1342153,1796348,3618132,3998436,4930896,4852538,4092578,4246618,4005356,5522300,4813373,2437584,1809053,2233532,3639907,4774628,5932014,5762047,4904019,4973393,5209617,6512816,5518552,3220276,1808210,3582288,5620904,6714341,7647350,7731247,6989178,6692924,7788455,8636578,6832666,4571110,3366120,3631505,6385115,8506248,9461869,8985120,7629632,7060334,6922215,8000698,6771114,2367483
골프장,제주특별자치도,2069771,2076202,4024380,4725565,5334711,4705810,3917346,4248885,4446545,5053694,5216427,3403288,2582553,3009563,4236055,4776802,5422353,5003336,4089259,4672371,3902326,5462378,5505025,4024883,2826424,2760846,3368528,4240753,5873121,5498600,5202425,5967717,4671909,6880444,5911173,4279174,2770743,4480188,5702809,6673896,7515748,7151881,6512075,6303589,6080439,8121859,6889997,5320160,5598785,5412549,6734085,8147719,8822053,7939410,6991322,7227643,6357809,8593050,7224773,4335940
골프장,충청남도,1076029,1456697,3555900,4673035,5655589,5571858,4500332,4076507,5055536,5453214,4598898,1873037,1461677,1987003,4482429,5200277,6234009,6005329,4976709,5086432,4592933,6080634,5014062,2378296,1827064,2423666,4221810,5670762,6574680,6546616,5858967,5383649,6018951,6873276,5824662,3290379,1789691,3236829,5736357,6670873,7292051,7627995,7341323,6827633,7715829,8389905,6599596,3939852,2592846,3464217,6802409,8537089,9389468,8634779,7504967,6302891,7650365,8432375,7269058,2465528
골프장,충청북도,964270,1693252,6546739,8535347,9962222,10567447,7663035,6259352,9524531,10623143,8721975,2526254,1568237,2724134,7770515,9486184,11604257,11519269,9049050,8865853,9335602,12412551,10566092,3468960,2339208,3804003,8115056,11355422,13317634,13479546,11533955,10343714,12617871,15362041,12866654,4846479,2816600,6353467,11828460,15043382,15756389,16547234,16024785,14389638,16697426,19117898,14752707,6912992,4138507,5897029,12347018,16414422,19139946,18023088,16424479,14108910,17007049,19958666,16560894,3751213
스키장,강원도,1354027,847839,286151,33120,101376,116098,234682,348961,150703,106383,189293,1535965,1838056,1420001,177155,48366,110286,158140,217595,424633,150316,163022,237824,1267869,1617105,812127,38231,28023,97431,130193,176929,284897,77069,170297,60835,264629,316520,414502,25870,52427,113508,163577,241502,285666,145953,183594,54427,820420,1502901,910725,54926,58254,216617,284624,447762,518832,192264,209113,76413,1227507
스키장,경기도,4314579,2950487,230012,186391,281979,278581,421140,616709,331052,304975,234979,2399149,3604631,2285617,273367,199787,283025,267326,360998,568954,229610,325188,302666,2387652,3808792,1540594,59943,47552,98520,64884,67833,135668,57653,238004,163227,532101,839581,910844,32495,84538,165055,137724,124470,219558,151737,239685,223811,1251178,2764027,1938774,62678,177657,217587,216005,351336,405897,240585,399924,397861,1353442
스키장,경상남도,0,0,0,0,0,0,0,0,0,0,0,0,0,0,0,0,0,0,0,0,0,0,0,0,0,0,0,0,0,0,0,0,0,0,0,0,0,0,0,0,0,0,0,0,0,0,0,0,0,0,0,0,0,0,0,0,0,0,0,0
스키장,경상북도,0,0,0,0,0,0,0,0,0,0,0,0,0,0,0,0,0,0,0,0,0,0,0,0,0,0,0,0,0,0,0,0,0,0,0,0,0,0,0,0,0,0,0,0,0,0,0,0,0,0,0,0,0,0,0,0,0,0,0,0
스키장,광주광역시,0,0,0,0,0,0,0,0,0,0,0,0,0,0,0,0,0,0,0,0,0,0,0,0,0,0,0,0,0,0,0,0,0,0,0,0,0,0,0,0,0,0,0,0,0,0,0,0,0,0,0,0,0,0,0,0,0,0,0,0
스키장,대구광역시,0,0,220,0,0,121,558,0,0,0,0,374,0,0,0,154,0,143,385,0,0,0,0,0,0,154,187,0,418,418,0,0,0,0,0,0,0,0,0,50,0,0,0,0,190,0,198,0,0,0,0,0,0,0,0,0,660,0,0,0
스키장,대전광역시,0,0,0,0,0,0,0,0,0,0,0,0,0,0,0,0,0,0,0,0,0,0,0,0,0,0,0,0,0,0,0,0,0,0,0,0,0,0,0,0,0,0,0,0,0,0,0,0,0,0,0,0,0,0,0,0,0,0,0,0
스키장,부산광역시,0,0,0,0,0,0,0,0,0,0,0,0,0,0,0,0,0,0,0,0,0,0,0,0,0,0,0,0,0,0,0,0,0,0,0,0,0,0,0,0,0,0,0,0,0,0,0,0,0,0,0,0,0,0,0,0,0,0,0,0
스키장,서울특별시,659555,484692,44764,123790,163952,146931,160028,203237,170387,225070,174906,485182,668149,554430,116968,120584,215180,204289,163007,244888,149999,272591,290779,492057,641037,263757,4160,37102,62834,42870,37716,49220,33850,133454,114790,102056,168877,176456,16978,65982,107180,79047,58104,89925,104063,199758,178704,149712,411108,305744,25476,138189,157882,160289,175575,194265,151467,321621,205001,386950
스키장,울산광역시,0,0,0,0,0,0,0,0,0,0,0,0,0,0,0,0,0,0,0,0,0,0,0,0,0,0,0,0,0,0,0,0,0,0,0,0,0,0,0,0,0,0,0,0,0,0,0,0,0,0,0,0,0,0,0,0,0,0,0,0
스키장,인천광역시,0,0,0,0,0,0,0,0,0,0,0,0,0,0,0,0,0,0,0,0,0,0,0,0,0,0,0,0,0,0,0,0,0,0,0,0,0,0,0,0,0,0,0,0,0,0,0,0,0,0,0,0,0,0,0,0,0,0,0,0
스키장,전라남도,0,0,0,0,0,0,0,0,0,0,0,0,0,0,0,0,0,0,0,0,0,0,0,0,0,0,0,0,0,0,0,0,0,0,0,0,0,0,0,0,0,0,0,0,0,0,0,0,0,0,0,0,0,0,0,0,0,0,0,0
스키장,전라북도,0,0,0,0,0,0,0,0,0,0,0,0,0,0,0,0,0,0,0,0,0,0,0,0,0,0,0,0,0,0,0,0,0,0,0,0,0,0,0,0,0,0,0,0,0,0,0,0,0,0,0,0,0,0,0,0,0,0,0,0
스키장,제주특별자치도,0,0,0,0,0,0,0,0,0,0,0,0,0,0,0,0,0,0,0,0,0,0,0,0,0,0,0,0,0,0,0,0,0,0,0,0,0,0,0,0,0,0,0,0,0,0,0,0,0,0,0,0,0,0,0,0,0,0,0,0
스키장,충청남도,0,0,0,0,0,0,0,0,0,0,0,0,0,0,0,0,0,0,0,0,0,0,0,0,0,0,0,0,0,0,0,0,0,0,0,0,0,0,0,0,0,0,0,0,0,0,0,0,0,0,0,0,0,0,0,0,0,0,0,0
스키장,충청북도,0,0,0,0,0,0,0,0,0,0,0,0,0,0,0,0,0,0,0,0,0,0,0,0,0,0,0,0,0,0,0,0,0,0,0,0,0,0,0,0,0,0,0,0,0,0,0,0,0,0,0,0,0,0,0,0,0,0,0,0
기타레저,강원도,909866,838168,963171,922680,1086770,1101691,1229361,1455262,1174328,1122421,1019076,1168656,1159894,1145230,1162267,1070254,1318401,1355018,1512782,1834672,1410874,1358850,384689,454220,536658,331773,238821,261044,418319,430429,598066,718519,317898,431966,286204,199912,209136,286708,274806,294610,423547,485666,663393,797595,490103,494230,348127,295662,400303,332942,286620,882170,1620092,1207960,1309503,1613159,1032849,1329679,657775,544510
기타레저,경기도,13095564,12573326,15034734,14378624,16249879,15460390,16649903,18570485,15833853,15703812,12027632,13418352,14653603,13955561,14379514,12818889,14736750,14834637,16278615,17585061,14641690,14636328,6133399,6818686,7427520,4492190,3686137,4191600,5487965,4814598,5430758,4832785,2935993,4784308,3956470,1655752,2292946,3586936,4374170,4160396,4960671,4759009,4321531,4620817,4455432,4721809,4293741,3871387,4635622,3931878,4422585,5158133,6000930,6301086,6923637,6954518,5594858,6116707,5107507,5532246
기타레저,경상남도,2201893,2052352,2173499,2092555,2386468,2596268,3509738,4216069,2418619,2192548,2098548,2411365,2566268,2562683,2466223,2206377,2654453,2770758,3296239,3927449,2726745,2637153,1197189,1363493,1502434,946881,767789,840870,1161788,1006597,1241187,1340791,760125,1147509,855512,557541,679547,825917,912518,837971,1034046,949513,1014143,1093791,1051787,1134637,930627,835642,981380,768881,837846,1006085,1236726,1280591,1525860,1729086,1067019,1176775,951117,1046620
기타레저,경상북도,2139924,1877449,2090040,1933221,2227314,2079472,2611842,3093530,2201744,2220094,1973213,2148103,2354798,1959708,2036394,1838147,2044758,2240015,2609579,2860533,2263880,2286413,1035877,1103788,1254567,704395,423671,563605,844911,765517,856430,1056593,707500,945881,788271,528907,613715,829101,925434,841150,1002225,948151,1011558,1100266,958057,1143773,996507,842124,1045374,783657,811433,1033929,1207109,1212142,1510627,1582510,1028664,1263278,986241,1029202
기타레저,광주광역시,1324477,1189258,1403286,1324651,1463141,1371401,1402125,1533635,1515347,1556974,1364245,1525659,1593188,1628473,1643957,1526941,1734024,1753268,1813741,1890184,1757998,1838729,596284,652233,749575,442058,418840,442433,591404,499333,381183,426549,228567,445569,374363,288146,322714,363226,479788,430871,453771,476315,506820,501347,478828,560166,473849,451981,426427,374581,445564,531677,630451,594411,566620,545827,471000,616953,479213,475239
기타레저,대구광역시,3356327,3155599,3581342,3526429,3629996,3204824,3556074,3745175,3439707,3451794,3143298,3598671,3668410,3634023,4008028,3647929,3977245,3770694,4028035,4191883,3663469,3895687,1856947,2229612,2390500,1263367,612456,840795,1656131,1408697,1328974,1376012,1192531,1746669,1290507,928713,948046,1124356,1314974,1376018,1981465,1089596,1099401,1080987,1331720,1605403,1327169,1290352,1417152,1028837,1208279,1842888,1946528,1557405,1621891,1638786,1610962,1981228,1475537,1711542
기타레저,대전광역시,1028183,866941,1077151,955438,946036,929344,1032605,991084,954401,962617,936271,1023590,1144463,1027315,1247118,996210,1153238,1170751,1353032,1267183,1195982,1151208,483785,527619,582962,435459,325327,297043,460095,327209,306671,300490,211614,300704,261039,183469,191016,232039,288809,232972,253128,247268,240418,213026,231241,253834,204415,193452,214448,200578,249128,256046,285093,307023,326873,346603,311958,352998,311565,313716
기타레저,부산광역시,3514524,3434625,3709120,3430714,3683048,3558838,4037301,4198455,3871359,3688793,3541590,3903327,4163375,4073545,4131579,3697605,4042545,4087479,4565059,4987018,4394189,4240577,1644937,1877235,2066305,1263154,961060,1117166,1586076,1433099,1623829,1514692,1073823,1378635,1296818,714228,830406,1218458,1360663,1133340,1370412,1343990,1404045,1306220,1393987,1525726,1343263,1177488,1234165,1063792,1206919,2116743,2499669,2353057,2475391,2464402,2011821,2329359,1844465,1841350
기타레저,서울특별시,13588438,12157380,14094762,12483530,12986408,12930612,14445151,14919785,13024655,12983926,12596768,14125618,15081873,14156620,14821337,13331562,14380336,14595316,16344185,16364885,14534382,14270373,7485331,8038324,8436904,6022876,4123756,4538107,6067258,5350362,5918932,4943260,2715788,4927523,4383391,1574089,2366891,3758594,4839910,4381409,4989979,4964113,4201266,4245541,4130154,4475379,4729708,4387643,4797506,4688709,5114823,5173124,5948178,5946558,6548689,6376459,5535726,5978001,5519945,5647822
기타레저,울산광역시,971821,866201,154937,892290,925644,909728,975010,1015683,931665,891550,849589,960405,1054887,1001192,1032734,926674,998214,995242,1070460,1150455,1028622,983516,500738,527374,595423,448560,371222,394098,495284,439258,479299,493100,344813,411350,370184,278185,322921,336263,378511,348848,376328,357053,394736,420636,387473,393789,347577,319504,387298,305075,357094,371532,433822,435777,453037,479199,396505,429085,353627,396307
기타레저,인천광역시,2397035,2240059,2547000,2324972,2592989,2571707,2781358,3001256,2828307,2661363,2565574,2829529,2980123,2952733,3072645,2706526,3113502,3073009,3049606,3246259,2835916,2829857,996214,1104474,1141563,730983,688145,834648,1164704,933914,1012286,988054,707653,1087371,785148,361362,426598,635957,743816,823599,1133930,1000683,832176,1004321,1119246,1103927,863026,695868,769682,692154,860611,1099114,1334947,1225569,1324856,1435550,1259810,1342676,1133628,1010802
기타레저,전라남도,777067,805381,738715,687499,760061,789680,1048845,1255430,863272,744609,754172,867904,1023274,955810,911332,815105,940294,1005326,1323467,1735481,1136681,1136144,612424,610731,840292,475562,398162,415194,654501,531870,570384,797789,359116,537137,355168,283780,346283,403189,404312,382610,430319,468996,538768,617197,469120,504854,422605,362517,486880,335223,335028,464756,666717,695851,1057988,1159498,532410,604108,475678,514791
기타레저,전라북도,919223,818927,876562,843453,997327,960488,1061976,1129939,1014949,1043290,938433,993677,1047152,1085677,1080391,1006921,1191712,1219315,1433709,1731979,1250123,1295571,633306,581968,600652,368070,320181,344613,501707,482618,510984,653455,317110,495101,450634,239305,342718,478549,489948,410413,535512,520561,575778,683731,468105,608747,507823,367963,394412,328342,386518,614092,704125,722182,754179,788880,438451,567597,427282,315078
기타레저,제주특별자치도,418705,386401,490031,512798,584440,571665,641017,702557,557510,574929,546349,547291,621015,629743,641489,601609,719167,752265,836570,987750,731433,781271,375045,380544,416651,253549,238390,257070,408709,379508,408445,504011,321472,454841,367330,193947,180268,292415,336683,379519,437583,416328,449817,426130,357293,469976,376089,304128,372470,322483,306101,449688,610468,611862,592561,610635,422307,546271,403454,326074
기타레저,충청남도,1375221,1291147,1400323,1322739,1497285,1436826,1597131,1859827,1574873,1564841,1436309,1576617,1713883,1615279,1703552,1482327,1795307,1822112,1894827,2244472,1834510,1826989,763823,836567,956739,521281,435030,569229,848179,704087,793171,775087,549130,775238,541031,394991,481838,536022,585547,615828,789636,667711,697947,815145,762328,787204,581170,468799,797728,585240,558967,753812,921106,888907,861342,927834,778840,881741,660829,616981
기타레저,충청북도,784264,744435,870567,823601,923476,873632,964184,1074143,938060,897938,843500,950982,965616,987683,1018065,936387,1134675,1160911,1207979,1430602,1268110,1335698,642034,598690,656194,416743,417713,532513,717649,753751,755839,744660,616736,852093,611859,248894,271848,413693,526801,561997,722126,660187,708638,686703,601691,703445,535478,352372,387491,328031,393720,580571,706121,682949,745632,820258,777474,991401,715595,456591
문화서비스,강원도,870285,626233,588299,701581,877225,760833,1282900,2033739,951569,873228,853857,1863731,2141608,1989811,877996,772707,1243080,1815647,2655489,4018829,1204392,1273420,1042048,1810168,2197995,1134100,240389,317833,626763,715163,1099078,1834419,543530,955567,565807,472560,417849,713875,405221,520301,710226,738105,904922,1101917,752828,980964,769280,694102,1149715,1033091,653014,1001673,1811713,1860556,2020638,2478188,1479714,2201365,1339545,1344517
문화서비스,경기도,7127835,5392397,5544094,7472047,9077133,7749643,8160942,11211432,8561085,8833632,8711276,9021591,7560267,9165696,8440630,10507413,13348288,13366046,11810963,15166469,10305725,13644044,9530456,9467450,7595534,4166725,3022385,3547303,5492195,4615924,6021228,6051327,3657261,7929492,4382350,1875623,2132573,3928776,4273632,6906524,7637537,7199835,5188797,6747954,7375069,9685011,6959566,5084738,4781242,4048875,4286830,9873292,15283337,13987338,14325797,14624032,11634825,12252039,7073630,8910654
문화서비스,경상남도,1432185,953298,887726,1019311,1198121,1113845,1363944,2086984,1246518,1079889,1112377,1304779,1137027,1377747,962420,901055,1233869,1384307,1330710,1815650,1281985,1230044,1198227,1259842,1129066,593563,208145,200717,506106,481269,711451,1039853,398850,717278,514734,222008,273119,420065,462092,442418,626779,611699,697821,836969,670252,1137621,823846,512419,559533,445236,461552,777116,1618725,1683447,1571042,1870587,1155921,1765293,870601,1184705
문화서비스,경상북도,929367,667302,675808,853407,930666,821173,910853,1538453,1026581,943560,887386,967197,857419,994127,794833,763313,981401,1090815,983466,1363780,821009,1052126,959165,900600,784849,431933,93752,165129,359787,359785,566234,958364,358816,847428,582087,213407,234487,429652,428705,534553,714118,615661,693596,892216,738337,988548,801280,513816,613456,454932,403600,679002,1257582,1307069,1205380,1351755,910892,1147632,807574,907365
문화서비스,광주광역시,735365,565697,462985,525360,605703,543138,666697,1024065,603763,518241,591784,716453,651101,793585,510916,487524,687813,846697,801262,1015748,617356,562271,686836,794794,674665,422931,198823,147900,211397,327750,337338,568337,285119,426250,310218,201988,216246,250535,297520,316138,330840,423852,521109,595604,439201,415558,414860,358074,378006,277195,274517,332351,860642,998182,924446,928280,725059,464523,441801,742300
문화서비스,대구광역시,1655105,1219765,1032181,1144161,1391175,1315439,1607516,2287295,1369633,1143655,1338826,1620888,1310217,1571184,1072319,919266,1316214,1584071,1534848,1890801,1173681,1089421,1281791,1532790,1222877,611815,71791,117441,246353,409886,623863,920761,409625,582690,460925,259180,298438,378177,436051,415450,519410,542192,700515,773344,635919,608209,583388,542711,514225,374514,398599,489305,1254006,1406719,1358811,1278982,903288,643119,610640,1133750
문화서비스,대전광역시,799045,546511,473309,568414,658545,609460,785729,1078253,640660,536591,638199,775475,662230,766153,548960,472725,642459,794821,791281,899078,584431,596611,710255,839651,668298,358236,138094,112619,171679,218126,291950,460723,215734,317286,266821,147814,152134,194436,237542,226753,258826,326326,351580,343530,328486,329117,309606,278326,268602,195737,201161,243172,718820,791482,804879,736114,573999,396872,353492,624402
문화서비스,부산광역시,2860717,2054035,1797250,2035446,2257142,2192741,2613446,3812417,2476000,2115809,2116688,2596071,2165906,2651484,1879450,1667627,2213708,2558064,2393417,3098526,1928760,1928444,1821546,2105252,1766618,937491,295182,239460,380340,630227,932123,1287591,542836,821715,723052,369850,406560,674047,771764,728978,911060,1017222,1149811,1100805,994021,1020288,953225,836713,854245,663845,654705,804465,1926310,2141806,2177645,2253564,1517498,1197678,1048979,1770447
문화서비스,서울특별시,25070264,18568287,15919766,18794980,20464062,20307190,25447009,33803706,20377845,18371012,20977973,24595022,20859555,23806455,17297230,17167061,20183088,25329784,25596988,27045607,16817097,17913286,20583483,23711227,18764441,7819076,3292292,2613664,3729193,4935807,7173983,8530708,4053719,6255342,4906230,3824946,5403832,6514999,7054843,7042811,9152696,81348,8566548,9293241,8408107,9607123,9498075,8828175,9967211,8079234,7978758,10946888,22627933,23437482,26107836,23488485,16976774,13509145,12465827,25572279
문화서비스,울산광역시,467683,315028,267946,314917,369687,327025,417014,568310,355478,304094,338392,498905,416680,469732,311990,303035,407573,477298,524348,655301,420584,383690,450377,547546,452744,250516,66684,59106,102059,162371,238606,320867,129523,213165,163518,79249,95858,132528,161923,150013,165874,198330,247429,280892,218768,217754,212245,170106,172828,120928,138007,189878,460920,563861,497908,516904,381897,277176,240360,444275
문화서비스,인천광역시,1715683,1217675,1052446,1199005,1388860,1327234,1699935,2494675,1581866,1403258,1395407,1673062,1488407,1800139,1386614,1264921,1697078,1851199,1600340,2057118,1309311,1349447,1486760,1562774,1399499,832659,462035,442987,617417,691894,962611,1127587,544622,911606,569675,269697,340896,532147,544277,619029,765894,864259,778934,989607,837531,864692,775863,580343,604380,469878,460553,663496,1659492,1698327,1618891,1628274,1261252,1054587,895117,1246190
문화서비스,전라남도,1114729,857568,809402,964247,1342177,1000976,1354334,2122109,1119435,982925,968631,1087266,1010181,1136822,934819,947456,1393473,1248688,1225696,2002179,1194995,1474865,679738,711379,680847,399680,180343,442987,491070,427414,493290,932693,269545,570924,407379,204749,244376,367867,410118,463648,674746,598706,664507,957037,622277,739172,607753,485094,553683,390685,377840,562801,1244529,1386944,1585966,1762162,1002135,933894,715620,989231
문화서비스,전라북도,806771,563698,537279,646956,736249,677857,885069,1218896,724483,633357,678710,775691,711447,830323,584687,544315,739747,854265,814752,1090833,644174,808153,788663,778646,693773,352419,186063,171032,282795,321152,442617,642962,323815,518048,437697,178881,226396,284776,325933,372410,459129,453529,510640,592601,431510,509926,512884,338852,359864,268147,251980,388338,856482,937932,878126,950246,594095,725649,502835,562305
문화서비스,제주특별자치도,1094035,833473,863138,1176633,1357845,1139830,1260031,1611949,1134424,1074899,873688,1021345,1013168,1088457,944378,1038613,1315954,1301338,1349582,1681278,1100877,1282920,1160187,1276461,1326783,526348,301424,309016,612950,609524,832210,1222229,471102,842285,832492,411928,346114,670498,663135,848667,1055793,949460,1089121,1046866,783040,1020041,1029806,887269,1092015,903050,645818,1012993,1478169,1512878,1514063,1618043,1130864,1354095,1011542,1059399
문화서비스,충청남도,668263,480944,451131,543244,626765,579907,669907,979401,627531,589456,533676,637148,588024,705450,649246,557850,760376,851535,823543,1086672,672536,763661,761726,789412,648433,360623,119066,131528,229672,276845,418947,564759,262763,489400,300436,138995,164851,259956,320963,324898,434887,428598,490433,588284,464634,541004,453323,320331,347719,266310,264016,390914,942799,997796,879211,875850,700693,649199,492069,670576
문화서비스,충청북도,714426,517883,474324,533282,603956,623702,811537,1179973,712409,618807,670766,886098,767830,919878,638776,607592,835136,1006831,952081,1215447,728356,700470,830730,907794,648433,404714,155599,147723,267902,372110,538642,720790,300263,509720,368265,154589,184232,294610,333655,354044,480277,522124,616908,701730,520762,532972,466735,357194,379595,288794,271232,390575,1060953,1145083,1124418,1174951,809556,717103,545623,804919
식음료,강원도,50482110,45004318,47772780,50024324,58299949,54976394,62223891,79763268,55844449,55809677,46638131,54170082,53110082,50315940,51237897,44500710,55877901,56681721,61117482,85364399,50866697,59079716,50764250,54915526,54889160,39600156,35510335,41376866,56741251,53629333,63482637,77404151,43547543,60011933,45772254,33157113,30821047,41689235,37644086,45063557,54140366,53896075,60605828,67991955,51104964,61857933,52245383,47717315,53111673,44641925,36738906,53520764,67066923,67818790,79010455,93872245,60099357,74409903,53467800,55121332
식음료,경기도,350009921,318089805,388980094,384332014,412596017,394923864,406474094,410510355,386313921,387559007,365735821,405283343,369650530,332645849,397255003,379305108,418673143,399767253,397090910,419090158,364851795,396548746,373195521,403473744,357354414,298681564,298685517,337139214,387907917,352620936,383792360,340753491,289376367,358092354,314928216,228076695,234593620,255793869,309381817,317981213,348163409,323128458,301766012,302800016,305110302,348479422,349075708,322465681,302538737,257929750,316636493,386939078,441500115,409431054,431590069,414622331,387714162,433683621,379470181,392730972
식음료,경상남도,68862154,63122207,74634369,76037884,80198930,72954242,77622564,81884145,74189137,73022867,70425670,77350605,69477515,66370090,77109259,72007930,78206937,72809870,73423711,84141473,67154613,73339074,71355739,75750957,69350815,54891048,51172662,59638640,76653086,67770218,71642736,79553681,57843610,70320884,60225052,41532490,42022171,47971959,57449268,59378079,67177112,62915946,62161833,58381777,58676423,68418033,66960400,60403555,57707184,47843805,55910139,72536187,83067571,76802927,80957785,84336244,70074942,84457500,70453700,73187415
식음료,경상북도,52637800,49274236,59619558,61794629,65679795,59235044,61781823,68127409,63926427,61932436,58525997,60381961,54137460,53540057,62447392,59028350,64333809,59223993,59017036,71009744,57513197,63006906,60063080,59506792,55935926,38592844,28609417,39918560,56706047,51781935,55959867,68409390,47185810,58422242,53564905,38514304,34597904,41202027,48809013,52055200,59043742,54552436,58228346,58054804,53392917,63030163,59419534,50561188,49895311,41301037,46357883,62357521,71042944,65939561,70052824,76354319,61349153,76356494,62891312,60393466
식음료,광주광역시,43040207,39766396,46410613,44597779,47605427,45314733,46747596,46380743,45582201,44800429,43860621,50105697,44253830,41183859,46184090,43075055,47106778,44843411,44963745,45992409,42116532,44412743,44035191,48965065,43175407,33871651,33731402,37126298,44047787,40589506,32423011,35412460,30209511,38841080,35481931,26642986,25382890,27560391,36516535,36646303,34792362,36858030,37141722,32047837,33006761,36767684,38682481,36095947,31082761,26355292,32915078,39680497,45769821,43466771,43031959,41081239,39177625,44103724,40829287,42960489
식음료,대구광역시,72691487,67778609,77408969,74837037,80674988,75687103,77106625,77492724,76783143,74465755,72893457,83149378,74111491,69847240,77325358,71805679,78487659,73651815,74099665,76352578,70426525,73151665,72838463,80624774,71636941,47947129,31285257,44538600,61781127,60132059,64150814,63376879,57778033,64449112,63127095,51893829,42170324,46019295,56210709,56832594,60662433,50069279,54964868,49300716,53651924,58960181,62055697,59175669,50776812,41280892,51161828,61832274,71900127,68571226,71354273,68127615,65740428,75082480,68142097,74519238
식음료,대전광역시,40824238,36913894,45020841,43603215,45769823,43630628,43199841,43840815,42317812,42286741,41377877,46776102,41787203,37805886,44375695,41781008,45237805,42875566,42108426,43230546,39879705,42694800,41923476,46009625,39552955,32569180,28573791,33169913,40684817,31949039,29317677,31789517,28074321,32655955,30689499,23470214,21270390,23108279,30027199,26442879,29909078,28185099,26002104,22076904,25650479,29451395,28833801,28863807,24888734,20557796,25650584,31144400,35359544,33111761,35487322,35280461,34860862,39116853,35812279,38870881
식음료,부산광역시,124931466,116520600,131507580,128359152,137291044,129366642,134206311,140382615,128456490,125775667,123713670,144458917,127543982,122871077,132619062,121382558,134168262,127767847,129676643,140219647,118405481,125888154,124789164,141692087,124269992,92261511,72432027,85162794,117363819,109078960,117269563,115368311,87845665,102886185,103706640,61040822,66047029,80328015,98757960,84919994,95617024,99076973,93194211,79130022,89751626,104676441,107484615,96600862,90754858,75809287,86584918,115167392,134643063,129075569,137586949,138420758,119163979,134900750,120984635,134189742
식음료,서울특별시,560303593,503228281,611429717,583291862,601633333,584178440,594587272,585537793,561683078,589208250,576143855,647486216,590042968,515468891,607565428,578299275,614873006,584698221,594296077,594422212,545090402,600428453,587881093,654595169,556111252,466286041,415640464,447839287,505885289,486348176,535094168,445951882,369606649,481981090,445058945,292760900,315247497,352564925,439731023,436707746,450836864,443797613,373425931,364402809,392650609,454324285,507390566,474809886,427551418,359064942,433864523,535362302,601151613,565552030,580652680,546814656,534220295,590341963,549768369,599239868
식음료,울산광역시,31826453,28117886,32953916,31861463,33396258,30615746,32180558,32322342,29662720,30308285,29824923,33747608,30762749,27802712,31442422,29030139,31317119,29650973,30178021,31699699,27395015,29789841,29844985,32876583,28746006,23304208,18888594,23095456,29129403,26581771,28168438,28370238,20919832,26351312,25822303,16642642,16283082,18492688,23228287,21329664,20911219,22707256,24767438,23112938,22031705,25729096,26755828,24859440,21433971,18038740,22033404,27534049,31814898,29976291,31462129,31354489,27769691,32412545,28783865,31155609
식음료,인천광역시,31625675,78409394,92642296,90070590,97170118,92750916,95389290,97595142,93230856,91790475,86518088,99163187,90897646,82987893,94211442,88105119,96491559,89236683,84289726,88916817,77751127,84251390,81572855,92399093,83499260,66862560,62703139,68136735,78831970,68313131,76435903,70422037,58028962,73874909,61895403,44769053,46285725,50704293,59223530,60050853,66616613,61868440,56366089,58021885,62230736,69291062,68231138,59949690,56520813,49191085,60080664,74323542,86262681,80402738,89040175,89132194,85572747,93253564,81388231,87823927
식음료,전라남도,31625675,29824375,37157270,39212261,43525706,37518740,41946063,47980472,40725999,39766579,38177391,38264359,35213361,35036302,41495421,39824358,44881815,41047883,42299782,53241741,37883231,43645092,42052142,40459979,38733028,30900736,32540659,36611247,48182890,40550731,40453186,51013625,32572566,43125571,36957566,28297394,25954263,29782563,36747860,38284400,41651632,40172962,42139867,44121459,37505298,44865205,42698203,36083593,34601499,28753517,34180846,45047028,52646761,50019779,53064420,58644687,44580047,55240542,45019821,39390572
식음료,전라북도,36746042,35204641,40377090,41468678,45304207,40040353,41343438,44326063,43278697,42729220,40546910,41875005,37592743,37189020,41075930,40001688,45238188,40524936,39650785,46363595,38881267,42879826,42194078,41451025,38196399,28705354,29471317,34050468,42778749,36609595,37891116,41449685,32010403,39054924,35726952,22781292,24119264,28983461,33795432,33693447,40131404,36559778,36940578,36998800,34471034,40291249,38966529,33760913,32994279,26894352,30761390,41172847,47409113,43602121,44364195,46544146,36555639,42879195,36750721,32642916
식음료,제주특별자치도,29369630,23964373,29534346,33654926,33082972,33924142,35049984,39560306,31489966,30616599,27964861,28789355,29662135,27932840,29951269,30842879,32342587,33464760,34688736,42116395,29063322,34923368,32654735,33021704,31997126,19882784,18510375,19358689,28375848,29617245,35359200,43921049,27371535,37867933,38746078,21978534,16958155,25818814,32554728,40346809,42539640,39606063,40109397,37590449,31554036,44515402,42937528,36982053,39107317,35688245,33506538,44580103,50025325,49304725,47717327,53474658,37099310,48409003,38527570,34440681
식음료,충청남도,50006556,47092587,60369187,62576679,65491812,60158151,60715041,63570668,62715856,61592845,57287302,58488010,51926837,49158069,61624450,61003801,66026160,61086401,58642074,67349303,57402068,63153313,58673934,57815053,52067509,40670999,39474408,50034993,61666509,54204383,56023096,56845467,47542964,56264495,48547037,37537942,34228528,38701249,48072839,52452538,57176874,52822641,53538912,53266895,50689961,58870523,53961242,48192915,45240368,38865155,47550319,61700096,68593853,63756255,65770929,66968737,61343090,71445367,59132438,54450196
식음료,충청북도,41798885,40101182,49082891,49967552,54123277,50238898,50547050,52386720,50490569,49730618,47063565,49549319,43900233,41793657,49516158,48584807,53121443,49744733,48047178,52799462,46959387,50240695,47949581,49277525,43931195,35298464,34260697,40276761,49060399,44304426,45999545,45140223,39019609,45448885,41680406,28128138,26802139,30947895,38395291,40171427,44617103,41823246,43214271,40610859,40322706,45408357,44387389,39133136,35312007,30426499,37571150,47462177,54910322,51268917,54513923,54888950,50757416,58219380,49807423,46857513
,,,,,,,,,,,,,,,,,,,,,,,,,,,,,,,,,,,,,,,,,,,,,,,,,,,,,,,,,,,,,
